src_core,dst_core,latency_ns
0,0,-1
0,1,113
0,2,113
0,3,112
0,4,118
0,5,118
0,6,118
0,7,118
0,8,288
0,9,287
0,10,289
0,11,287
0,12,295
0,13,293
0,14,295
0,15,294
0,16,290
0,17,289
0,18,290
0,19,286
0,20,290
0,21,289
0,22,291
0,23,290
0,24,285
0,25,284
0,26,285
0,27,284
0,28,292
0,29,290
0,30,292
0,31,291
0,32,308
0,33,307
0,34,309
0,35,307
0,36,315
0,37,314
0,38,315
0,39,314
0,40,308
0,41,307
0,42,308
0,43,307
0,44,313
0,45,311
0,46,313
0,47,312
0,48,317
0,49,316
0,50,318
0,51,316
0,52,324
0,53,323
0,54,324
0,55,323
0,56,312
0,57,311
0,58,313
0,59,311
0,60,319
0,61,318
0,62,319
0,63,319
0,64,459
0,65,458
0,66,459
0,67,457
0,68,465
0,69,464
0,70,466
0,71,465
0,72,452
0,73,451
0,74,453
0,75,451
0,76,460
0,77,457
0,78,459
0,79,458
0,80,460
0,81,460
0,82,461
0,83,459
0,84,467
0,85,465
0,86,468
0,87,467
0,88,462
0,89,461
0,90,463
0,91,461
0,92,468
0,93,467
0,94,468
0,95,468
0,96,449
0,97,449
0,98,450
0,99,447
0,100,454
0,101,448
0,102,450
0,103,455
0,104,444
0,105,444
0,106,445
0,107,442
0,108,451
0,109,449
0,110,463
0,111,457
0,112,458
0,113,463
0,114,465
0,115,463
0,116,472
0,117,470
0,118,472
0,119,471
0,120,465
0,121,460
0,122,459
0,123,457
0,124,465
0,125,458
0,126,459
0,127,461
1,0,113
1,1,-1
1,2,113
1,3,112
1,4,119
1,5,119
1,6,118
1,7,119
1,8,283
1,9,282
1,10,284
1,11,282
1,12,293
1,13,294
1,14,296
1,15,295
1,16,291
1,17,290
1,18,292
1,19,290
1,20,298
1,21,296
1,22,298
1,23,297
1,24,292
1,25,292
1,26,293
1,27,291
1,28,299
1,29,298
1,30,299
1,31,298
1,32,303
1,33,303
1,34,304
1,35,301
1,36,309
1,37,308
1,38,310
1,39,309
1,40,309
1,41,308
1,42,309
1,43,308
1,44,314
1,45,313
1,46,315
1,47,313
1,48,312
1,49,311
1,50,313
1,51,311
1,52,319
1,53,317
1,54,319
1,55,318
1,56,313
1,57,313
1,58,314
1,59,312
1,60,320
1,61,319
1,62,320
1,63,320
1,64,484
1,65,489
1,66,479
1,67,465
1,68,473
1,69,471
1,70,472
1,71,472
1,72,466
1,73,465
1,74,463
1,75,458
1,76,466
1,77,464
1,78,466
1,79,466
1,80,468
1,81,467
1,82,468
1,83,467
1,84,475
1,85,473
1,86,474
1,87,474
1,88,463
1,89,462
1,90,468
1,91,468
1,92,476
1,93,475
1,94,477
1,95,476
1,96,450
1,97,449
1,98,451
1,99,449
1,100,457
1,101,456
1,102,457
1,103,459
1,104,458
1,105,457
1,106,459
1,107,457
1,108,465
1,109,463
1,110,459
1,111,458
1,112,466
1,113,461
1,114,460
1,115,459
1,116,466
1,117,465
1,118,462
1,119,460
1,120,457
1,121,459
1,122,460
1,123,458
1,124,469
1,125,467
1,126,469
1,127,468
2,0,112
2,1,112
2,2,-1
2,3,112
2,4,118
2,5,118
2,6,118
2,7,118
2,8,275
2,9,275
2,10,276
2,11,274
2,12,282
2,13,280
2,14,282
2,15,282
2,16,283
2,17,282
2,18,284
2,19,282
2,20,290
2,21,289
2,22,290
2,23,289
2,24,289
2,25,290
2,26,291
2,27,289
2,28,297
2,29,295
2,30,297
2,31,297
2,32,314
2,33,313
2,34,314
2,35,312
2,36,321
2,37,319
2,38,321
2,39,316
2,40,302
2,41,301
2,42,302
2,43,300
2,44,306
2,45,305
2,46,306
2,47,306
2,48,311
2,49,310
2,50,311
2,51,309
2,52,317
2,53,316
2,54,317
2,55,317
2,56,312
2,57,311
2,58,312
2,59,311
2,60,319
2,61,317
2,62,318
2,63,318
2,64,454
2,65,451
2,66,452
2,67,451
2,68,459
2,69,457
2,70,459
2,71,458
2,72,458
2,73,457
2,74,459
2,75,450
2,76,458
2,77,457
2,78,459
2,79,458
2,80,460
2,81,459
2,82,460
2,83,459
2,84,467
2,85,465
2,86,466
2,87,466
2,88,461
2,89,460
2,90,461
2,91,460
2,92,468
2,93,466
2,94,468
2,95,467
2,96,447
2,97,441
2,98,444
2,99,441
2,100,449
2,101,448
2,102,453
2,103,455
2,104,450
2,105,449
2,106,450
2,107,448
2,108,456
2,109,454
2,110,456
2,111,455
2,112,452
2,113,451
2,114,454
2,115,454
2,116,459
2,117,459
2,118,461
2,119,460
2,120,454
2,121,453
2,122,454
2,123,453
2,124,460
2,125,459
2,126,461
2,127,460
3,0,113
3,1,113
3,2,113
3,3,-1
3,4,118
3,5,118
3,6,118
3,7,118
3,8,277
3,9,276
3,10,278
3,11,276
3,12,284
3,13,282
3,14,284
3,15,283
3,16,285
3,17,284
3,18,285
3,19,284
3,20,292
3,21,290
3,22,292
3,23,291
3,24,286
3,25,285
3,26,287
3,27,285
3,28,293
3,29,291
3,30,293
3,31,292
3,32,305
3,33,302
3,34,303
3,35,301
3,36,310
3,37,308
3,38,310
3,39,309
3,40,303
3,41,302
3,42,304
3,43,302
3,44,308
3,45,306
3,46,308
3,47,307
3,48,312
3,49,317
3,50,319
3,51,317
3,52,325
3,53,324
3,54,325
3,55,324
3,56,320
3,57,319
3,58,320
3,59,318
3,60,327
3,61,325
3,62,327
3,63,326
3,64,460
3,65,459
3,66,460
3,67,459
3,68,466
3,69,463
3,70,460
3,71,460
3,72,454
3,73,453
3,74,454
3,75,452
3,76,460
3,77,458
3,78,460
3,79,460
3,80,461
3,81,461
3,82,462
3,83,460
3,84,469
3,85,467
3,86,469
3,87,468
3,88,464
3,89,462
3,90,464
3,91,462
3,92,470
3,93,468
3,94,470
3,95,469
3,96,450
3,97,447
3,98,457
3,99,449
3,100,457
3,101,456
3,102,457
3,103,457
3,104,452
3,105,451
3,106,452
3,107,450
3,108,458
3,109,457
3,110,458
3,111,458
3,112,460
3,113,459
3,114,460
3,115,461
3,116,469
3,117,468
3,118,468
3,119,465
3,120,461
3,121,455
3,122,455
3,123,455
3,124,463
3,125,461
3,126,460
3,127,461
4,0,118
4,1,119
4,2,118
4,3,117
4,4,-1
4,5,123
4,6,123
4,7,126
4,8,288
4,9,287
4,10,289
4,11,286
4,12,295
4,13,293
4,14,295
4,15,294
4,16,290
4,17,289
4,18,290
4,19,289
4,20,297
4,21,295
4,22,296
4,23,295
4,24,291
4,25,290
4,26,292
4,27,290
4,28,298
4,29,296
4,30,301
4,31,303
4,32,314
4,33,313
4,34,314
4,35,313
4,36,321
4,37,319
4,38,320
4,39,320
4,40,320
4,41,319
4,42,320
4,43,318
4,44,325
4,45,324
4,46,325
4,47,324
4,48,323
4,49,322
4,50,324
4,51,322
4,52,330
4,53,328
4,54,330
4,55,329
4,56,324
4,57,323
4,58,325
4,59,323
4,60,331
4,61,329
4,62,331
4,63,330
4,64,464
4,65,464
4,66,465
4,67,463
4,68,470
4,69,463
4,70,465
4,71,464
4,72,458
4,73,458
4,74,458
4,75,456
4,76,464
4,77,463
4,78,465
4,79,464
4,80,466
4,81,465
4,82,467
4,83,466
4,84,474
4,85,472
4,86,474
4,87,473
4,88,467
4,89,466
4,90,468
4,91,466
4,92,475
4,93,473
4,94,475
4,95,474
4,96,449
4,97,448
4,98,453
4,99,451
4,100,456
4,101,454
4,102,455
4,103,455
4,104,456
4,105,455
4,106,457
4,107,455
4,108,463
4,109,461
4,110,463
4,111,462
4,112,458
4,113,460
4,114,460
4,115,459
4,116,467
4,117,463
4,118,465
4,119,466
4,120,461
4,121,460
4,122,462
4,123,460
4,124,468
4,125,466
4,126,468
4,127,467
5,0,118
5,1,118
5,2,118
5,3,118
5,4,123
5,5,-1
5,6,123
5,7,126
5,8,283
5,9,282
5,10,284
5,11,282
5,12,290
5,13,288
5,14,290
5,15,289
5,16,291
5,17,290
5,18,292
5,19,290
5,20,298
5,21,297
5,22,298
5,23,297
5,24,299
5,25,298
5,26,299
5,27,297
5,28,305
5,29,303
5,30,299
5,31,299
5,32,309
5,33,309
5,34,310
5,35,308
5,36,316
5,37,315
5,38,316
5,39,315
5,40,309
5,41,309
5,42,310
5,43,308
5,44,315
5,45,313
5,46,315
5,47,314
5,48,319
5,49,317
5,50,319
5,51,317
5,52,326
5,53,324
5,54,325
5,55,324
5,56,320
5,57,319
5,58,321
5,59,319
5,60,327
5,61,325
5,62,327
5,63,326
5,64,460
5,65,459
5,66,460
5,67,459
5,68,466
5,69,465
5,70,467
5,71,466
5,72,459
5,73,459
5,74,460
5,75,458
5,76,467
5,77,465
5,78,467
5,79,466
5,80,468
5,81,467
5,82,469
5,83,466
5,84,474
5,85,473
5,86,474
5,87,474
5,88,470
5,89,469
5,90,470
5,91,468
5,92,476
5,93,474
5,94,476
5,95,475
5,96,456
5,97,456
5,98,454
5,99,451
5,100,457
5,101,457
5,102,464
5,103,460
5,104,452
5,105,451
5,106,452
5,107,451
5,108,458
5,109,457
5,110,459
5,111,458
5,112,460
5,113,459
5,114,462
5,115,459
5,116,469
5,117,467
5,118,471
5,119,474
5,120,468
5,121,468
5,122,468
5,123,467
5,124,476
5,125,474
5,126,473
5,127,466
6,0,118
6,1,118
6,2,118
6,3,118
6,4,125
6,5,123
6,6,-1
6,7,123
6,8,282
6,9,282
6,10,283
6,11,282
6,12,290
6,13,288
6,14,289
6,15,289
6,16,290
6,17,290
6,18,291
6,19,291
6,20,304
6,21,302
6,22,303
6,23,303
6,24,298
6,25,297
6,26,299
6,27,297
6,28,305
6,29,303
6,30,305
6,31,304
6,32,324
6,33,314
6,34,316
6,35,319
6,36,327
6,37,326
6,38,328
6,39,327
6,40,315
6,41,314
6,42,315
6,43,314
6,44,320
6,45,318
6,46,320
6,47,319
6,48,324
6,49,323
6,50,325
6,51,323
6,52,331
6,53,329
6,54,331
6,55,330
6,56,325
6,57,325
6,58,326
6,59,324
6,60,332
6,61,330
6,62,332
6,63,331
6,64,465
6,65,465
6,66,466
6,67,464
6,68,472
6,69,470
6,70,472
6,71,472
6,72,465
6,73,464
6,74,466
6,75,464
6,76,472
6,77,470
6,78,472
6,79,471
6,80,473
6,81,472
6,82,474
6,83,473
6,84,481
6,85,478
6,86,480
6,87,479
6,88,473
6,89,467
6,90,469
6,91,467
6,92,475
6,93,473
6,94,476
6,95,475
6,96,471
6,97,455
6,98,453
6,99,454
6,100,457
6,101,455
6,102,457
6,103,460
6,104,450
6,105,450
6,106,451
6,107,450
6,108,458
6,109,457
6,110,464
6,111,462
6,112,465
6,113,466
6,114,460
6,115,460
6,116,468
6,117,467
6,118,468
6,119,467
6,120,460
6,121,461
6,122,461
6,123,458
6,124,468
6,125,467
6,126,469
6,127,467
7,0,118
7,1,119
7,2,118
7,3,118
7,4,123
7,5,123
7,6,123
7,7,-1
7,8,284
7,9,282
7,10,288
7,11,288
7,12,296
7,13,295
7,14,296
7,15,295
7,16,297
7,17,297
7,18,298
7,19,296
7,20,304
7,21,302
7,22,304
7,23,304
7,24,298
7,25,297
7,26,299
7,27,297
7,28,305
7,29,304
7,30,306
7,31,305
7,32,315
7,33,315
7,34,316
7,35,315
7,36,322
7,37,320
7,38,323
7,39,322
7,40,316
7,41,315
7,42,316
7,43,315
7,44,321
7,45,319
7,46,321
7,47,320
7,48,325
7,49,324
7,50,325
7,51,324
7,52,332
7,53,330
7,54,331
7,55,331
7,56,326
7,57,325
7,58,327
7,59,325
7,60,333
7,61,331
7,62,333
7,63,332
7,64,466
7,65,465
7,66,467
7,67,465
7,68,473
7,69,471
7,70,473
7,71,472
7,72,466
7,73,465
7,74,467
7,75,465
7,76,473
7,77,471
7,78,473
7,79,472
7,80,474
7,81,473
7,82,474
7,83,473
7,84,482
7,85,480
7,86,481
7,87,480
7,88,475
7,89,474
7,90,476
7,91,474
7,92,482
7,93,480
7,94,482
7,95,481
7,96,462
7,97,457
7,98,464
7,99,458
7,100,464
7,101,468
7,102,470
7,103,468
7,104,463
7,105,463
7,106,464
7,107,462
7,108,470
7,109,469
7,110,470
7,111,470
7,112,468
7,113,467
7,114,466
7,115,465
7,116,473
7,117,474
7,118,473
7,119,472
7,120,466
7,121,465
7,122,466
7,123,467
7,124,476
7,125,474
7,126,476
7,127,472
8,0,282
8,1,282
8,2,282
8,3,281
8,4,289
8,5,287
8,6,288
8,7,288
8,8,-1
8,9,113
8,10,113
8,11,112
8,12,118
8,13,118
8,14,118
8,15,118
8,16,285
8,17,284
8,18,285
8,19,284
8,20,292
8,21,290
8,22,292
8,23,291
8,24,286
8,25,285
8,26,287
8,27,285
8,28,293
8,29,292
8,30,293
8,31,292
8,32,303
8,33,302
8,34,304
8,35,301
8,36,310
8,37,308
8,38,310
8,39,309
8,40,303
8,41,302
8,42,304
8,43,302
8,44,308
8,45,306
8,46,308
8,47,307
8,48,312
8,49,312
8,50,313
8,51,311
8,52,319
8,53,317
8,54,319
8,55,319
8,56,314
8,57,313
8,58,314
8,59,312
8,60,320
8,61,319
8,62,320
8,63,319
8,64,454
8,65,453
8,66,454
8,67,452
8,68,460
8,69,459
8,70,460
8,71,459
8,72,453
8,73,452
8,74,454
8,75,452
8,76,460
8,77,458
8,78,460
8,79,459
8,80,462
8,81,461
8,82,462
8,83,460
8,84,468
8,85,466
8,86,469
8,87,468
8,88,464
8,89,462
8,90,464
8,91,462
8,92,470
8,93,469
8,94,471
8,95,470
8,96,481
8,97,480
8,98,476
8,99,477
8,100,486
8,101,465
8,102,451
8,103,450
8,104,446
8,105,445
8,106,446
8,107,444
8,108,452
8,109,451
8,110,452
8,111,451
8,112,453
8,113,452
8,114,454
8,115,452
8,116,462
8,117,459
8,118,463
8,119,463
8,120,456
8,121,456
8,122,457
8,123,455
8,124,463
8,125,460
8,126,462
8,127,460
9,0,277
9,1,276
9,2,277
9,3,275
9,4,284
9,5,282
9,6,283
9,7,282
9,8,113
9,9,-1
9,10,113
9,11,112
9,12,118
9,13,118
9,14,118
9,15,118
9,16,286
9,17,285
9,18,286
9,19,284
9,20,292
9,21,291
9,22,293
9,23,292
9,24,287
9,25,286
9,26,287
9,27,286
9,28,294
9,29,292
9,30,294
9,31,293
9,32,304
9,33,303
9,34,304
9,35,303
9,36,311
9,37,309
9,38,311
9,39,309
9,40,304
9,41,303
9,42,304
9,43,303
9,44,309
9,45,307
9,46,309
9,47,308
9,48,313
9,49,312
9,50,314
9,51,312
9,52,320
9,53,318
9,54,320
9,55,319
9,56,314
9,57,314
9,58,315
9,59,313
9,60,321
9,61,319
9,62,321
9,63,320
9,64,478
9,65,477
9,66,467
9,67,453
9,68,461
9,69,459
9,70,461
9,71,460
9,72,454
9,73,453
9,74,454
9,75,453
9,76,461
9,77,459
9,78,461
9,79,460
9,80,462
9,81,462
9,82,463
9,83,462
9,84,470
9,85,468
9,86,470
9,87,469
9,88,465
9,89,464
9,90,465
9,91,463
9,92,471
9,93,468
9,94,471
9,95,470
9,96,451
9,97,450
9,98,451
9,99,446
9,100,451
9,101,452
9,102,456
9,103,450
9,104,446
9,105,445
9,106,447
9,107,445
9,108,453
9,109,451
9,110,453
9,111,452
9,112,454
9,113,453
9,114,455
9,115,453
9,116,461
9,117,461
9,118,461
9,119,463
9,120,457
9,121,456
9,122,456
9,123,454
9,124,461
9,125,462
9,126,464
9,127,463
10,0,395
10,1,275
10,2,276
10,3,274
10,4,282
10,5,280
10,6,282
10,7,282
10,8,112
10,9,112
10,10,-1
10,11,112
10,12,118
10,13,118
10,14,118
10,15,118
10,16,284
10,17,284
10,18,285
10,19,283
10,20,291
10,21,289
10,22,291
10,23,291
10,24,286
10,25,285
10,26,286
10,27,284
10,28,292
10,29,290
10,30,292
10,31,292
10,32,303
10,33,302
10,34,303
10,35,308
10,36,316
10,37,314
10,38,316
10,39,315
10,40,303
10,41,302
10,42,303
10,43,301
10,44,308
10,45,306
10,46,308
10,47,307
10,48,312
10,49,311
10,50,312
10,51,311
10,52,319
10,53,317
10,54,318
10,55,318
10,56,313
10,57,312
10,58,314
10,59,312
10,60,320
10,61,318
10,62,320
10,63,319
10,64,453
10,65,452
10,66,454
10,67,452
10,68,460
10,69,458
10,70,459
10,71,459
10,72,453
10,73,452
10,74,454
10,75,452
10,76,460
10,77,458
10,78,460
10,79,459
10,80,461
10,81,460
10,82,461
10,83,460
10,84,468
10,85,466
10,86,468
10,87,468
10,88,463
10,89,462
10,90,463
10,91,462
10,92,470
10,93,468
10,94,469
10,95,468
10,96,444
10,97,448
10,98,447
10,99,442
10,100,450
10,101,449
10,102,450
10,103,453
10,104,451
10,105,450
10,106,452
10,107,450
10,108,452
10,109,450
10,110,452
10,111,451
10,112,453
10,113,452
10,114,453
10,115,454
10,116,463
10,117,461
10,118,460
10,119,459
10,120,453
10,121,452
10,122,453
10,123,454
10,124,463
10,125,461
10,126,460
10,127,459
11,0,277
11,1,277
11,2,282
11,3,282
11,4,290
11,5,288
11,6,290
11,7,289
11,8,113
11,9,113
11,10,113
11,11,-1
11,12,118
11,13,118
11,14,118
11,15,118
11,16,286
11,17,285
11,18,287
11,19,285
11,20,293
11,21,292
11,22,293
11,23,292
11,24,287
11,25,287
11,26,288
11,27,286
11,28,295
11,29,292
11,30,295
11,31,294
11,32,304
11,33,304
11,34,305
11,35,303
11,36,311
11,37,310
11,38,311
11,39,310
11,40,304
11,41,304
11,42,305
11,43,303
11,44,309
11,45,308
11,46,309
11,47,309
11,48,314
11,49,313
11,50,314
11,51,312
11,52,320
11,53,319
11,54,320
11,55,319
11,56,314
11,57,314
11,58,315
11,59,313
11,60,321
11,61,319
11,62,322
11,63,321
11,64,455
11,65,454
11,66,455
11,67,454
11,68,462
11,69,460
11,70,461
11,71,460
11,72,454
11,73,454
11,74,455
11,75,453
11,76,462
11,77,460
11,78,462
11,79,461
11,80,463
11,81,462
11,82,463
11,83,461
11,84,469
11,85,468
11,86,469
11,87,469
11,88,465
11,89,464
11,90,465
11,91,464
11,92,472
11,93,469
11,94,471
11,95,471
11,96,476
11,97,476
11,98,477
11,99,480
11,100,486
11,101,481
11,102,483
11,103,483
11,104,469
11,105,452
11,106,453
11,107,451
11,108,459
11,109,457
11,110,455
11,111,453
11,112,455
11,113,454
11,114,455
11,115,453
11,116,461
11,117,460
11,118,462
11,119,461
11,120,455
11,121,454
11,122,455
11,123,453
11,124,462
11,125,460
11,126,464
11,127,463
12,0,288
12,1,288
12,2,288
12,3,286
12,4,294
12,5,292
12,6,295
12,7,294
12,8,118
12,9,118
12,10,118
12,11,117
12,12,-1
12,13,123
12,14,123
12,15,126
12,16,291
12,17,290
12,18,291
12,19,289
12,20,297
12,21,296
12,22,297
12,23,297
12,24,292
12,25,292
12,26,292
12,27,290
12,28,299
12,29,297
12,30,299
12,31,298
12,32,309
12,33,308
12,34,309
12,35,308
12,36,316
12,37,314
12,38,315
12,39,315
12,40,309
12,41,308
12,42,309
12,43,308
12,44,314
12,45,312
12,46,314
12,47,313
12,48,318
12,49,317
12,50,319
12,51,316
12,52,325
12,53,323
12,54,325
12,55,324
12,56,319
12,57,319
12,58,320
12,59,318
12,60,326
12,61,325
12,62,327
12,63,326
12,64,459
12,65,459
12,66,460
12,67,458
12,68,466
12,69,465
12,70,466
12,71,465
12,72,459
12,73,458
12,74,459
12,75,458
12,76,466
12,77,465
12,78,466
12,79,466
12,80,467
12,81,466
12,82,468
12,83,466
12,84,474
12,85,472
12,86,474
12,87,473
12,88,469
12,89,468
12,90,470
12,91,468
12,92,475
12,93,474
12,94,476
12,95,476
12,96,482
12,97,465
12,98,451
12,99,452
12,100,460
12,101,455
12,102,458
12,103,457
12,104,458
12,105,456
12,106,457
12,107,456
12,108,464
12,109,463
12,110,464
12,111,464
12,112,466
12,113,465
12,114,466
12,115,466
12,116,474
12,117,466
12,118,466
12,119,465
12,120,461
12,121,462
12,122,463
12,123,459
12,124,466
12,125,465
12,126,475
12,127,475
13,0,309
13,1,289
13,2,290
13,3,288
13,4,296
13,5,294
13,6,296
13,7,295
13,8,118
13,9,118
13,10,118
13,11,118
13,12,123
13,13,-1
13,14,123
13,15,126
13,16,293
13,17,292
13,18,293
13,19,292
13,20,300
13,21,298
13,22,299
13,23,298
13,24,294
13,25,293
13,26,295
13,27,292
13,28,301
13,29,299
13,30,300
13,31,300
13,32,317
13,33,316
13,34,318
13,35,316
13,36,324
13,37,322
13,38,318
13,39,317
13,40,317
13,41,316
13,42,318
13,43,316
13,44,322
13,45,320
13,46,322
13,47,321
13,48,320
13,49,319
13,50,321
13,51,319
13,52,327
13,53,325
13,54,327
13,55,326
13,56,327
13,57,327
13,58,328
13,59,326
13,60,334
13,61,332
13,62,334
13,63,333
13,64,461
13,65,460
13,66,462
13,67,460
13,68,468
13,69,466
13,70,468
13,71,467
13,72,461
13,73,460
13,74,461
13,75,460
13,76,468
13,77,466
13,78,468
13,79,467
13,80,469
13,81,468
13,82,470
13,83,468
13,84,477
13,85,475
13,86,477
13,87,476
13,88,471
13,89,470
13,90,471
13,91,470
13,92,478
13,93,476
13,94,478
13,95,477
13,96,483
13,97,485
13,98,474
13,99,457
13,100,463
13,101,457
13,102,458
13,103,457
13,104,459
13,105,452
13,106,454
13,107,451
13,108,459
13,109,458
13,110,459
13,111,459
13,112,461
13,113,462
13,114,462
13,115,462
13,116,471
13,117,469
13,118,470
13,119,467
13,120,467
13,121,462
13,122,461
13,123,462
13,124,472
13,125,475
13,126,477
13,127,473
14,0,289
14,1,288
14,2,289
14,3,287
14,4,296
14,5,294
14,6,295
14,7,295
14,8,118
14,9,118
14,10,119
14,11,118
14,12,125
14,13,123
14,14,-1
14,15,123
14,16,292
14,17,291
14,18,292
14,19,291
14,20,299
14,21,297
14,22,298
14,23,298
14,24,293
14,25,292
14,26,294
14,27,292
14,28,300
14,29,298
14,30,300
14,31,299
14,32,310
14,33,309
14,34,311
14,35,309
14,36,317
14,37,315
14,38,317
14,39,316
14,40,316
14,41,316
14,42,317
14,43,315
14,44,321
14,45,320
14,46,321
14,47,321
14,48,319
14,49,318
14,50,320
14,51,318
14,52,326
14,53,324
14,54,325
14,55,325
14,56,326
14,57,326
14,58,327
14,59,325
14,60,334
14,61,332
14,62,333
14,63,333
14,64,467
14,65,466
14,66,467
14,67,465
14,68,473
14,69,472
14,70,473
14,71,472
14,72,460
14,73,459
14,74,461
14,75,459
14,76,467
14,77,466
14,78,467
14,79,466
14,80,468
14,81,468
14,82,469
14,83,468
14,84,476
14,85,474
14,86,481
14,87,480
14,88,476
14,89,475
14,90,476
14,91,474
14,92,482
14,93,481
14,94,484
14,95,482
14,96,463
14,97,463
14,98,464
14,99,462
14,100,470
14,101,468
14,102,470
14,103,469
14,104,464
14,105,463
14,106,465
14,107,463
14,108,471
14,109,468
14,110,465
14,111,465
14,112,467
14,113,466
14,114,467
14,115,465
14,116,473
14,117,472
14,118,473
14,119,472
14,120,473
14,121,472
14,122,470
14,123,468
14,124,475
14,125,477
14,126,479
14,127,479
15,0,289
15,1,289
15,2,290
15,3,288
15,4,296
15,5,295
15,6,296
15,7,295
15,8,118
15,9,118
15,10,118
15,11,118
15,12,123
15,13,123
15,14,123
15,15,-1
15,16,299
15,17,298
15,18,298
15,19,291
15,20,299
15,21,298
15,22,300
15,23,299
15,24,294
15,25,292
15,26,294
15,27,293
15,28,301
15,29,299
15,30,301
15,31,300
15,32,321
15,33,312
15,34,311
15,35,309
15,36,317
15,37,316
15,38,317
15,39,317
15,40,311
15,41,310
15,42,311
15,43,309
15,44,316
15,45,314
15,46,316
15,47,315
15,48,320
15,49,319
15,50,320
15,51,318
15,52,327
15,53,325
15,54,327
15,55,326
15,56,321
15,57,321
15,58,322
15,59,320
15,60,328
15,61,326
15,62,328
15,63,327
15,64,467
15,65,467
15,66,468
15,67,466
15,68,474
15,69,472
15,70,474
15,71,473
15,72,467
15,73,466
15,74,468
15,75,466
15,76,474
15,77,472
15,78,474
15,79,473
15,80,470
15,81,468
15,82,470
15,83,467
15,84,476
15,85,474
15,86,476
15,87,476
15,88,471
15,89,471
15,90,472
15,91,469
15,92,477
15,93,475
15,94,478
15,95,477
15,96,458
15,97,457
15,98,458
15,99,456
15,100,464
15,101,463
15,102,464
15,103,464
15,104,453
15,105,452
15,106,454
15,107,452
15,108,460
15,109,458
15,110,459
15,111,459
15,112,467
15,113,466
15,114,468
15,115,466
15,116,475
15,117,475
15,118,475
15,119,473
15,120,467
15,121,472
15,122,477
15,123,475
15,124,483
15,125,477
15,126,481
15,127,475
16,0,290
16,1,290
16,2,290
16,3,289
16,4,297
16,5,295
16,6,297
16,7,296
16,8,285
16,9,284
16,10,285
16,11,284
16,12,292
16,13,290
16,14,292
16,15,291
16,16,-1
16,17,113
16,18,113
16,19,112
16,20,118
16,21,118
16,22,118
16,23,118
16,24,282
16,25,281
16,26,282
16,27,281
16,28,289
16,29,287
16,30,284
16,31,282
16,32,310
16,33,309
16,34,311
16,35,309
16,36,317
16,37,315
16,38,317
16,39,317
16,40,316
16,41,315
16,42,317
16,43,309
16,44,315
16,45,313
16,46,315
16,47,315
16,48,307
16,49,306
16,50,308
16,51,306
16,52,314
16,53,313
16,54,314
16,55,314
16,56,309
16,57,308
16,58,309
16,59,307
16,60,316
16,61,313
16,62,316
16,63,315
16,64,467
16,65,466
16,66,467
16,67,465
16,68,474
16,69,471
16,70,473
16,71,472
16,72,460
16,73,459
16,74,460
16,75,458
16,76,466
16,77,465
16,78,466
16,79,465
16,80,467
16,81,467
16,82,468
16,83,466
16,84,474
16,85,473
16,86,475
16,87,474
16,88,470
16,89,469
16,90,470
16,91,468
16,92,476
16,93,474
16,94,476
16,95,476
16,96,470
16,97,453
16,98,452
16,99,450
16,100,463
16,101,455
16,102,459
16,103,458
16,104,453
16,105,452
16,106,452
16,107,450
16,108,458
16,109,456
16,110,458
16,111,458
16,112,461
16,113,460
16,114,463
16,115,461
16,116,470
16,117,467
16,118,468
16,119,467
16,120,461
16,121,460
16,122,461
16,123,460
16,124,468
16,125,466
16,126,468
16,127,467
17,0,284
17,1,284
17,2,285
17,3,283
17,4,291
17,5,289
17,6,292
17,7,290
17,8,286
17,9,285
17,10,286
17,11,284
17,12,292
17,13,291
17,14,292
17,15,291
17,16,113
17,17,-1
17,18,113
17,19,112
17,20,118
17,21,118
17,22,118
17,23,118
17,24,276
17,25,276
17,26,277
17,27,275
17,28,284
17,29,282
17,30,283
17,31,282
17,32,311
17,33,310
17,34,311
17,35,310
17,36,318
17,37,316
17,38,318
17,39,316
17,40,311
17,41,310
17,42,312
17,43,310
17,44,316
17,45,314
17,46,316
17,47,315
17,48,302
17,49,301
17,50,302
17,51,301
17,52,309
17,53,307
17,54,308
17,55,308
17,56,309
17,57,308
17,58,310
17,59,308
17,60,316
17,61,314
17,62,316
17,63,315
17,64,474
17,65,473
17,66,468
17,67,459
17,68,468
17,69,465
17,70,466
17,71,465
17,72,460
17,73,459
17,74,460
17,75,458
17,76,467
17,77,465
17,78,467
17,79,467
17,80,469
17,81,468
17,82,469
17,83,468
17,84,476
17,85,474
17,86,476
17,87,475
17,88,470
17,89,470
17,90,471
17,91,469
17,92,477
17,93,475
17,94,477
17,95,476
17,96,452
17,97,452
17,98,453
17,99,451
17,100,459
17,101,460
17,102,461
17,103,457
17,104,452
17,105,453
17,106,453
17,107,451
17,108,459
17,109,457
17,110,458
17,111,460
17,112,462
17,113,462
17,114,464
17,115,462
17,116,470
17,117,469
17,118,469
17,119,468
17,120,462
17,121,461
17,122,462
17,123,460
17,124,469
17,125,468
17,126,470
17,127,469
18,0,465
18,1,302
18,2,284
18,3,282
18,4,290
18,5,289
18,6,290
18,7,289
18,8,284
18,9,284
18,10,285
18,11,283
18,12,292
18,13,290
18,14,291
18,15,291
18,16,112
18,17,112
18,18,-1
18,19,112
18,20,118
18,21,118
18,22,118
18,23,118
18,24,275
18,25,274
18,26,276
18,27,274
18,28,282
18,29,280
18,30,282
18,31,282
18,32,310
18,33,309
18,34,310
18,35,308
18,36,317
18,37,315
18,38,317
18,39,316
18,40,310
18,41,309
18,42,310
18,43,309
18,44,315
18,45,313
18,46,315
18,47,314
18,48,301
18,49,300
18,50,301
18,51,299
18,52,308
18,53,306
18,54,308
18,55,307
18,56,302
18,57,301
18,58,302
18,59,301
18,60,309
18,61,307
18,62,309
18,63,308
18,64,460
18,65,459
18,66,461
18,67,459
18,68,466
18,69,463
18,70,466
18,71,466
18,72,460
18,73,459
18,74,461
18,75,459
18,76,466
18,77,465
18,78,466
18,79,465
18,80,467
18,81,466
18,82,468
18,83,467
18,84,475
18,85,473
18,86,475
18,87,474
18,88,469
18,89,468
18,90,470
18,91,468
18,92,476
18,93,474
18,94,476
18,95,475
18,96,456
18,97,451
18,98,450
18,99,450
18,100,458
18,101,456
18,102,459
18,103,463
18,104,452
18,105,452
18,106,453
18,107,451
18,108,459
18,109,458
18,110,459
18,111,457
18,112,466
18,113,468
18,114,467
18,115,465
18,116,473
18,117,472
18,118,474
18,119,474
18,120,462
18,121,462
18,122,461
18,123,459
18,124,467
18,125,465
18,126,468
18,127,467
19,0,291
19,1,291
19,2,292
19,3,290
19,4,298
19,5,296
19,6,297
19,7,297
19,8,292
19,9,292
19,10,293
19,11,291
19,12,299
19,13,297
19,14,299
19,15,299
19,16,113
19,17,113
19,18,113
19,19,-1
19,20,118
19,21,118
19,22,118
19,23,118
19,24,277
19,25,276
19,26,278
19,27,276
19,28,284
19,29,282
19,30,284
19,31,283
19,32,312
19,33,311
19,34,312
19,35,310
19,36,318
19,37,316
19,38,318
19,39,318
19,40,312
19,41,311
19,42,312
19,43,310
19,44,317
19,45,315
19,46,317
19,47,316
19,48,304
19,49,302
19,50,303
19,51,301
19,52,309
19,53,308
19,54,309
19,55,309
19,56,304
19,57,303
19,58,304
19,59,302
19,60,311
19,61,309
19,62,310
19,63,310
19,64,475
19,65,474
19,66,475
19,67,473
19,68,475
19,69,466
19,70,469
19,71,467
19,72,460
19,73,459
19,74,461
19,75,460
19,76,468
19,77,466
19,78,467
19,79,466
19,80,469
19,81,469
19,82,470
19,83,468
19,84,476
19,85,475
19,86,477
19,87,476
19,88,471
19,89,470
19,90,471
19,91,470
19,92,477
19,93,476
19,94,477
19,95,477
19,96,454
19,97,458
19,98,459
19,99,453
19,100,462
19,101,458
19,102,459
19,103,463
19,104,454
19,105,453
19,106,455
19,107,453
19,108,461
19,109,460
19,110,461
19,111,460
19,112,468
19,113,469
19,114,471
19,115,469
19,116,476
19,117,473
19,118,476
19,119,475
19,120,462
19,121,461
19,122,463
19,123,461
19,124,470
19,125,469
19,126,471
19,127,468
20,0,290
20,1,289
20,2,290
20,3,288
20,4,297
20,5,295
20,6,296
20,7,295
20,8,291
20,9,290
20,10,292
20,11,290
20,12,298
20,13,296
20,14,298
20,15,297
20,16,118
20,17,118
20,18,118
20,19,117
20,20,-1
20,21,123
20,22,123
20,23,126
20,24,282
20,25,281
20,26,282
20,27,280
20,28,289
20,29,287
20,30,289
20,31,288
20,32,316
20,33,315
20,34,317
20,35,315
20,36,323
20,37,321
20,38,323
20,39,322
20,40,316
20,41,315
20,42,317
20,43,315
20,44,321
20,45,319
20,46,321
20,47,321
20,48,307
20,49,306
20,50,308
20,51,306
20,52,314
20,53,312
20,54,314
20,55,313
20,56,308
20,57,307
20,58,309
20,59,307
20,60,315
20,61,313
20,62,315
20,63,314
20,64,466
20,65,466
20,66,467
20,67,464
20,68,473
20,69,470
20,70,472
20,71,472
20,72,467
20,73,466
20,74,467
20,75,465
20,76,473
20,77,471
20,78,473
20,79,472
20,80,474
20,81,473
20,82,474
20,83,473
20,84,481
20,85,479
20,86,481
20,87,480
20,88,475
20,89,475
20,90,476
20,91,474
20,92,482
20,93,480
20,94,482
20,95,481
20,96,458
20,97,459
20,98,461
20,99,456
20,100,464
20,101,461
20,102,463
20,103,464
20,104,459
20,105,458
20,106,459
20,107,457
20,108,466
20,109,462
20,110,465
20,111,463
20,112,466
20,113,467
20,114,467
20,115,467
20,116,475
20,117,473
20,118,475
20,119,475
20,120,467
20,121,466
20,122,467
20,123,466
20,124,474
20,125,472
20,126,474
20,127,473
21,0,292
21,1,290
21,2,292
21,3,290
21,4,298
21,5,297
21,6,298
21,7,297
21,8,292
21,9,291
21,10,293
21,11,292
21,12,300
21,13,298
21,14,299
21,15,299
21,16,118
21,17,118
21,18,118
21,19,118
21,20,123
21,21,-1
21,22,123
21,23,126
21,24,283
21,25,282
21,26,284
21,27,282
21,28,290
21,29,288
21,30,290
21,31,289
21,32,318
21,33,316
21,34,318
21,35,317
21,36,325
21,37,323
21,38,325
21,39,324
21,40,318
21,41,316
21,42,318
21,43,317
21,44,322
21,45,321
21,46,324
21,47,323
21,48,308
21,49,308
21,50,309
21,51,308
21,52,315
21,53,314
21,54,315
21,55,315
21,56,310
21,57,309
21,58,311
21,59,309
21,60,317
21,61,315
21,62,317
21,63,316
21,64,469
21,65,467
21,66,469
21,67,467
21,68,475
21,69,473
21,70,475
21,71,474
21,72,468
21,73,467
21,74,469
21,75,467
21,76,475
21,77,473
21,78,474
21,79,474
21,80,476
21,81,475
21,82,476
21,83,474
21,84,483
21,85,481
21,86,483
21,87,482
21,88,477
21,89,477
21,90,478
21,91,476
21,92,484
21,93,482
21,94,484
21,95,483
21,96,459
21,97,461
21,98,461
21,99,456
21,100,465
21,101,464
21,102,466
21,103,466
21,104,461
21,105,460
21,106,461
21,107,460
21,108,467
21,109,466
21,110,467
21,111,467
21,112,468
21,113,468
21,114,469
21,115,467
21,116,475
21,117,473
21,118,476
21,119,477
21,120,470
21,121,470
21,122,470
21,123,467
21,124,475
21,125,474
21,126,475
21,127,476
22,0,472
22,1,329
22,2,291
22,3,289
22,4,297
22,5,295
22,6,297
22,7,297
22,8,291
22,9,291
22,10,292
22,11,291
22,12,299
22,13,297
22,14,299
22,15,298
22,16,118
22,17,118
22,18,118
22,19,118
22,20,125
22,21,123
22,22,-1
22,23,123
22,24,289
22,25,288
22,26,289
22,27,287
22,28,296
22,29,294
22,30,295
22,31,295
22,32,318
22,33,316
22,34,318
22,35,316
22,36,324
22,37,322
22,38,324
22,39,323
22,40,317
22,41,316
22,42,318
22,43,316
22,44,321
22,45,321
22,46,323
22,47,321
22,48,308
22,49,307
22,50,308
22,51,307
22,52,315
22,53,313
22,54,315
22,55,314
22,56,309
22,57,308
22,58,310
22,59,308
22,60,316
22,61,314
22,62,316
22,63,315
22,64,469
22,65,467
22,66,468
22,67,466
22,68,474
22,69,473
22,70,474
22,71,474
22,72,467
22,73,467
22,74,468
22,75,465
22,76,474
22,77,473
22,78,473
22,79,472
22,80,475
22,81,474
22,82,476
22,83,474
22,84,482
22,85,480
22,86,482
22,87,481
22,88,477
22,89,476
22,90,477
22,91,475
22,92,483
22,93,481
22,94,483
22,95,483
22,96,477
22,97,457
22,98,459
22,99,457
22,100,465
22,101,464
22,102,464
22,103,463
22,104,458
22,105,457
22,106,460
22,107,457
22,108,465
22,109,463
22,110,465
22,111,464
22,112,466
22,113,466
22,114,467
22,115,465
22,116,473
22,117,471
22,118,473
22,119,472
22,120,466
22,121,466
22,122,467
22,123,466
22,124,476
22,125,473
22,126,476
22,127,476
23,0,479
23,1,479
23,2,479
23,3,391
23,4,304
23,5,302
23,6,304
23,7,303
23,8,299
23,9,298
23,10,299
23,11,297
23,12,305
23,13,304
23,14,305
23,15,300
23,16,118
23,17,118
23,18,118
23,19,118
23,20,123
23,21,123
23,22,123
23,23,-1
23,24,284
23,25,282
23,26,284
23,27,282
23,28,290
23,29,288
23,30,290
23,31,289
23,32,318
23,33,317
23,34,318
23,35,316
23,36,324
23,37,323
23,38,325
23,39,324
23,40,318
23,41,317
23,42,318
23,43,316
23,44,323
23,45,321
23,46,322
23,47,322
23,48,309
23,49,308
23,50,309
23,51,307
23,52,316
23,53,314
23,54,316
23,55,315
23,56,310
23,57,309
23,58,310
23,59,309
23,60,317
23,61,315
23,62,317
23,63,316
23,64,468
23,65,467
23,66,468
23,67,467
23,68,475
23,69,473
23,70,475
23,71,474
23,72,468
23,73,468
23,74,469
23,75,467
23,76,475
23,77,473
23,78,475
23,79,474
23,80,476
23,81,475
23,82,476
23,83,475
23,84,483
23,85,481
23,86,483
23,87,482
23,88,477
23,89,476
23,90,478
23,91,476
23,92,484
23,93,482
23,94,484
23,95,483
23,96,489
23,97,488
23,98,490
23,99,488
23,100,468
23,101,463
23,102,465
23,103,464
23,104,460
23,105,460
23,106,460
23,107,458
23,108,467
23,109,466
23,110,467
23,111,467
23,112,469
23,113,468
23,114,470
23,115,467
23,116,477
23,117,476
23,118,477
23,119,475
23,120,469
23,121,468
23,122,469
23,123,467
23,124,475
23,125,474
23,126,475
23,127,476
24,0,472
24,1,406
24,2,292
24,3,290
24,4,298
24,5,296
24,6,297
24,7,297
24,8,292
24,9,292
24,10,293
24,11,291
24,12,293
24,13,292
24,14,292
24,15,292
24,16,278
24,17,275
24,18,276
24,19,275
24,20,282
24,21,281
24,22,282
24,23,282
24,24,-1
24,25,113
24,26,113
24,27,112
24,28,118
24,29,118
24,30,118
24,31,118
24,32,312
24,33,311
24,34,312
24,35,310
24,36,319
24,37,317
24,38,318
24,39,318
24,40,318
24,41,317
24,42,318
24,43,316
24,44,323
24,45,321
24,46,323
24,47,322
24,48,302
24,49,302
24,50,303
24,51,301
24,52,309
24,53,308
24,54,309
24,55,308
24,56,304
24,57,303
24,58,304
24,59,302
24,60,310
24,61,309
24,62,311
24,63,309
24,64,462
24,65,460
24,66,462
24,67,460
24,68,467
24,69,467
24,70,467
24,71,466
24,72,460
24,73,460
24,74,462
24,75,460
24,76,467
24,77,465
24,78,467
24,79,467
24,80,470
24,81,469
24,82,470
24,83,468
24,84,476
24,85,475
24,86,476
24,87,476
24,88,471
24,89,470
24,90,471
24,91,470
24,92,477
24,93,476
24,94,478
24,95,477
24,96,453
24,97,452
24,98,453
24,99,450
24,100,458
24,101,457
24,102,463
24,103,465
24,104,460
24,105,460
24,106,461
24,107,459
24,108,467
24,109,464
24,110,467
24,111,465
24,112,461
24,113,463
24,114,465
24,115,463
24,116,469
24,117,469
24,118,470
24,119,469
24,120,464
24,121,462
24,122,464
24,123,463
24,124,470
24,125,469
24,126,470
24,127,468
25,0,286
25,1,286
25,2,286
25,3,284
25,4,292
25,5,291
25,6,292
25,7,291
25,8,287
25,9,286
25,10,287
25,11,286
25,12,294
25,13,292
25,14,294
25,15,293
25,16,282
25,17,282
25,18,283
25,19,278
25,20,284
25,21,282
25,22,283
25,23,282
25,24,113
25,25,-1
25,26,113
25,27,112
25,28,118
25,29,118
25,30,118
25,31,118
25,32,312
25,33,312
25,34,313
25,35,311
25,36,319
25,37,318
25,38,319
25,39,318
25,40,312
25,41,311
25,42,313
25,43,311
25,44,317
25,45,315
25,46,317
25,47,317
25,48,303
25,49,302
25,50,303
25,51,302
25,52,310
25,53,308
25,54,310
25,55,309
25,56,304
25,57,303
25,58,305
25,59,303
25,60,311
25,61,310
25,62,311
25,63,310
25,64,463
25,65,462
25,66,463
25,67,461
25,68,469
25,69,466
25,70,467
25,71,468
25,72,463
25,73,462
25,74,463
25,75,461
25,76,468
25,77,466
25,78,468
25,79,469
25,80,470
25,81,470
25,82,471
25,83,469
25,84,477
25,85,475
25,86,477
25,87,476
25,88,472
25,89,471
25,90,472
25,91,470
25,92,478
25,93,477
25,94,478
25,95,478
25,96,484
25,97,482
25,98,470
25,99,452
25,100,460
25,101,457
25,102,463
25,103,461
25,104,454
25,105,453
25,106,455
25,107,452
25,108,460
25,109,458
25,110,460
25,111,459
25,112,462
25,113,462
25,114,465
25,115,463
25,116,470
25,117,468
25,118,470
25,119,469
25,120,464
25,121,462
25,122,463
25,123,461
25,124,470
25,125,468
25,126,470
25,127,469
26,0,285
26,1,284
26,2,285
26,3,283
26,4,291
26,5,289
26,6,291
26,7,291
26,8,292
26,9,291
26,10,292
26,11,290
26,12,298
26,13,297
26,14,299
26,15,298
26,16,275
26,17,274
26,18,276
26,19,274
26,20,282
26,21,280
26,22,282
26,23,282
26,24,112
26,25,112
26,26,-1
26,27,112
26,28,118
26,29,118
26,30,118
26,31,118
26,32,311
26,33,310
26,34,312
26,35,310
26,36,318
26,37,316
26,38,318
26,39,317
26,40,311
26,41,310
26,42,312
26,43,310
26,44,316
26,45,314
26,46,316
26,47,315
26,48,302
26,49,301
26,50,302
26,51,301
26,52,309
26,53,307
26,54,309
26,55,308
26,56,303
26,57,302
26,58,304
26,59,302
26,60,310
26,61,308
26,62,310
26,63,309
26,64,474
26,65,473
26,66,475
26,67,460
26,68,468
26,69,466
26,70,467
26,71,466
26,72,460
26,73,459
26,74,460
26,75,458
26,76,466
26,77,465
26,78,467
26,79,467
26,80,469
26,81,468
26,82,470
26,83,468
26,84,476
26,85,474
26,86,476
26,87,475
26,88,470
26,89,470
26,90,471
26,91,469
26,92,477
26,93,475
26,94,477
26,95,476
26,96,471
26,97,450
26,98,452
26,99,450
26,100,458
26,101,456
26,102,457
26,103,457
26,104,460
26,105,459
26,106,460
26,107,459
26,108,467
26,109,465
26,110,467
26,111,460
26,112,462
26,113,462
26,114,464
26,115,461
26,116,469
26,117,469
26,118,469
26,119,468
26,120,462
26,121,461
26,122,462
26,123,462
26,124,470
26,125,468
26,126,470
26,127,470
27,0,292
27,1,292
27,2,293
27,3,291
27,4,299
27,5,297
27,6,299
27,7,299
27,8,287
27,9,287
27,10,288
27,11,286
27,12,295
27,13,292
27,14,295
27,15,294
27,16,283
27,17,282
27,18,284
27,19,280
27,20,284
27,21,282
27,22,284
27,23,283
27,24,113
27,25,113
27,26,113
27,27,-1
27,28,118
27,29,118
27,30,118
27,31,118
27,32,313
27,33,312
27,34,313
27,35,312
27,36,319
27,37,318
27,38,319
27,39,319
27,40,319
27,41,318
27,42,319
27,43,318
27,44,324
27,45,322
27,46,324
27,47,323
27,48,304
27,49,303
27,50,304
27,51,302
27,52,310
27,53,309
27,54,311
27,55,310
27,56,305
27,57,304
27,58,306
27,59,304
27,60,312
27,61,310
27,62,311
27,63,311
27,64,463
27,65,462
27,66,464
27,67,462
27,68,470
27,69,468
27,70,470
27,71,469
27,72,462
27,73,462
27,74,464
27,75,462
27,76,470
27,77,467
27,78,470
27,79,468
27,80,470
27,81,469
27,82,471
27,83,470
27,84,477
27,85,476
27,86,478
27,87,477
27,88,472
27,89,471
27,90,473
27,91,471
27,92,479
27,93,477
27,94,479
27,95,478
27,96,469
27,97,453
27,98,453
27,99,451
27,100,459
27,101,460
27,102,459
27,103,460
27,104,456
27,105,453
27,106,454
27,107,452
27,108,461
27,109,461
27,110,462
27,111,462
27,112,469
27,113,469
27,114,470
27,115,468
27,116,476
27,117,475
27,118,477
27,119,476
27,120,463
27,121,463
27,122,464
27,123,462
27,124,470
27,125,469
27,126,472
27,127,470
28,0,291
28,1,290
28,2,292
28,3,289
28,4,297
28,5,296
28,6,298
28,7,297
28,8,292
28,9,292
28,10,292
28,11,290
28,12,299
28,13,297
28,14,299
28,15,298
28,16,281
28,17,282
28,18,282
28,19,280
28,20,289
28,21,287
28,22,289
28,23,288
28,24,118
28,25,118
28,26,118
28,27,117
28,28,-1
28,29,123
28,30,123
28,31,126
28,32,324
28,33,323
28,34,324
28,35,322
28,36,330
28,37,329
28,38,330
28,39,330
28,40,317
28,41,317
28,42,318
28,43,316
28,44,322
28,45,320
28,46,322
28,47,321
28,48,309
28,49,307
28,50,308
28,51,307
28,52,315
28,53,313
28,54,315
28,55,314
28,56,310
28,57,309
28,58,310
28,59,308
28,60,316
28,61,314
28,62,317
28,63,316
28,64,476
28,65,466
28,66,468
28,67,466
28,68,474
28,69,473
28,70,473
28,71,472
28,72,467
28,73,465
28,74,467
28,75,466
28,76,474
28,77,473
28,78,475
28,79,474
28,80,476
28,81,475
28,82,476
28,83,474
28,84,482
28,85,480
28,86,482
28,87,481
28,88,477
28,89,476
28,90,477
28,91,475
28,92,483
28,93,482
28,94,483
28,95,483
28,96,477
28,97,458
28,98,464
28,99,458
28,100,464
28,101,462
28,102,464
28,103,463
28,104,466
28,105,465
28,106,467
28,107,464
28,108,471
28,109,467
28,110,467
28,111,466
28,112,474
28,113,474
28,114,475
28,115,473
28,116,483
28,117,481
28,118,483
28,119,482
28,120,470
28,121,469
28,122,470
28,123,469
28,124,477
28,125,474
28,126,476
28,127,474
29,0,293
29,1,292
29,2,293
29,3,292
29,4,299
29,5,298
29,6,299
29,7,299
29,8,300
29,9,299
29,10,300
29,11,298
29,12,307
29,13,305
29,14,307
29,15,306
29,16,285
29,17,283
29,18,284
29,19,282
29,20,290
29,21,288
29,22,290
29,23,289
29,24,118
29,25,118
29,26,118
29,27,118
29,28,123
29,29,-1
29,30,123
29,31,126
29,32,319
29,33,318
29,34,320
29,35,318
29,36,326
29,37,324
29,38,326
29,39,325
29,40,319
29,41,318
29,42,320
29,43,318
29,44,324
29,45,322
29,46,324
29,47,324
29,48,316
29,49,315
29,50,317
29,51,315
29,52,323
29,53,321
29,54,323
29,55,322
29,56,311
29,57,310
29,58,312
29,59,310
29,60,318
29,61,316
29,62,318
29,63,317
29,64,470
29,65,468
29,66,470
29,67,468
29,68,476
29,69,475
29,70,475
29,71,475
29,72,470
29,73,468
29,74,468
29,75,466
29,76,476
29,77,475
29,78,475
29,79,474
29,80,477
29,81,476
29,82,478
29,83,476
29,84,484
29,85,482
29,86,484
29,87,483
29,88,478
29,89,478
29,90,479
29,91,477
29,92,485
29,93,484
29,94,485
29,95,484
29,96,461
29,97,466
29,98,462
29,99,459
29,100,468
29,101,466
29,102,467
29,103,470
29,104,462
29,105,461
29,106,461
29,107,459
29,108,467
29,109,467
29,110,469
29,111,468
29,112,476
29,113,475
29,114,476
29,115,475
29,116,483
29,117,482
29,118,485
29,119,484
29,120,471
29,121,470
29,122,471
29,123,470
29,124,478
29,125,477
29,126,478
29,127,476
30,0,292
30,1,291
30,2,292
30,3,290
30,4,299
30,5,297
30,6,298
30,7,298
30,8,293
30,9,292
30,10,294
30,11,292
30,12,300
30,13,298
30,14,300
30,15,299
30,16,293
30,17,284
30,18,283
30,19,282
30,20,290
30,21,288
30,22,289
30,23,289
30,24,118
30,25,118
30,26,118
30,27,118
30,28,125
30,29,123
30,30,-1
30,31,123
30,32,318
30,33,317
30,34,319
30,35,317
30,36,325
30,37,323
30,38,325
30,39,325
30,40,318
30,41,317
30,42,319
30,43,317
30,44,323
30,45,321
30,46,324
30,47,323
30,48,319
30,49,308
30,50,310
30,51,308
30,52,316
30,53,314
30,54,316
30,55,315
30,56,310
30,57,310
30,58,311
30,59,309
30,60,317
30,61,316
30,62,317
30,63,317
30,64,469
30,65,468
30,66,469
30,67,468
30,68,474
30,69,472
30,70,474
30,71,473
30,72,469
30,73,468
30,74,468
30,75,466
30,76,474
30,77,472
30,78,474
30,79,474
30,80,477
30,81,476
30,82,477
30,83,475
30,84,483
30,85,482
30,86,483
30,87,483
30,88,478
30,89,477
30,90,478
30,91,476
30,92,484
30,93,483
30,94,485
30,95,484
30,96,482
30,97,461
30,98,460
30,99,457
30,100,465
30,101,465
30,102,467
30,103,470
30,104,465
30,105,466
30,106,467
30,107,466
30,108,473
30,109,470
30,110,472
30,111,472
30,112,469
30,113,470
30,114,471
30,115,469
30,116,476
30,117,474
30,118,476
30,119,475
30,120,475
30,121,468
30,122,470
30,123,468
30,124,476
30,125,474
30,126,476
30,127,475
31,0,293
31,1,292
31,2,293
31,3,291
31,4,299
31,5,297
31,6,299
31,7,299
31,8,294
31,9,292
31,10,294
31,11,292
31,12,300
31,13,299
31,14,301
31,15,300
31,16,283
31,17,282
31,18,284
31,19,282
31,20,290
31,21,288
31,22,290
31,23,290
31,24,118
31,25,118
31,26,118
31,27,118
31,28,123
31,29,123
31,30,123
31,31,-1
31,32,319
31,33,318
31,34,319
31,35,317
31,36,325
31,37,324
31,38,326
31,39,325
31,40,319
31,41,319
31,42,319
31,43,317
31,44,324
31,45,323
31,46,324
31,47,323
31,48,321
31,49,311
31,50,310
31,51,309
31,52,317
31,53,315
31,54,317
31,55,316
31,56,311
31,57,310
31,58,312
31,59,310
31,60,318
31,61,316
31,62,318
31,63,317
31,64,471
31,65,467
31,66,468
31,67,466
31,68,474
31,69,473
31,70,475
31,71,474
31,72,469
31,73,468
31,74,470
31,75,467
31,76,475
31,77,473
31,78,475
31,79,474
31,80,477
31,81,476
31,82,477
31,83,476
31,84,484
31,85,482
31,86,484
31,87,483
31,88,478
31,89,478
31,90,479
31,91,477
31,92,485
31,93,483
31,94,485
31,95,485
31,96,465
31,97,459
31,98,460
31,99,458
31,100,467
31,101,465
31,102,472
31,103,468
31,104,460
31,105,460
31,106,461
31,107,459
31,108,467
31,109,465
31,110,467
31,111,466
31,112,468
31,113,468
31,114,469
31,115,467
31,116,476
31,117,476
31,118,477
31,119,477
31,120,478
31,121,477
31,122,477
31,123,475
31,124,480
31,125,477
31,126,478
31,127,478
32,0,473
32,1,410
32,2,302
32,3,301
32,4,309
32,5,307
32,6,308
32,7,308
32,8,303
32,9,302
32,10,303
32,11,301
32,12,310
32,13,308
32,14,310
32,15,309
32,16,310
32,17,309
32,18,311
32,19,309
32,20,318
32,21,316
32,22,317
32,23,317
32,24,311
32,25,311
32,26,312
32,27,310
32,28,319
32,29,317
32,30,318
32,31,318
32,32,-1
32,33,113
32,34,113
32,35,112
32,36,118
32,37,118
32,38,118
32,39,118
32,40,275
32,41,274
32,42,275
32,43,273
32,44,280
32,45,278
32,46,279
32,47,279
32,48,284
32,49,283
32,50,284
32,51,282
32,52,290
32,53,289
32,54,291
32,55,290
32,56,285
32,57,284
32,58,285
32,59,284
32,60,292
32,61,290
32,62,292
32,63,291
32,64,440
32,65,439
32,66,441
32,67,439
32,68,447
32,69,445
32,70,447
32,71,446
32,72,440
32,73,439
32,74,441
32,75,439
32,76,447
32,77,445
32,78,447
32,79,447
32,80,449
32,81,448
32,82,449
32,83,448
32,84,455
32,85,455
32,86,456
32,87,455
32,88,452
32,89,450
32,90,452
32,91,450
32,92,459
32,93,457
32,94,457
32,95,457
32,96,453
32,97,448
32,98,449
32,99,448
32,100,456
32,101,454
32,102,455
32,103,455
32,104,450
32,105,449
32,106,451
32,107,449
32,108,457
32,109,455
32,110,457
32,111,456
32,112,458
32,113,457
32,114,458
32,115,457
32,116,465
32,117,463
32,118,465
32,119,464
32,120,458
32,121,457
32,122,458
32,123,457
32,124,467
32,125,467
32,126,468
32,127,468
33,0,302
33,1,302
33,2,303
33,3,301
33,4,309
33,5,307
33,6,309
33,7,309
33,8,304
33,9,303
33,10,304
33,11,302
33,12,310
33,13,308
33,14,310
33,15,309
33,16,311
33,17,310
33,18,312
33,19,310
33,20,317
33,21,316
33,22,318
33,23,316
33,24,312
33,25,311
33,26,313
33,27,311
33,28,319
33,29,318
33,30,319
33,31,318
33,32,113
33,33,-1
33,34,113
33,35,112
33,36,118
33,37,118
33,38,118
33,39,118
33,40,281
33,41,281
33,42,282
33,43,280
33,44,287
33,45,285
33,46,286
33,47,286
33,48,284
33,49,284
33,50,285
33,51,283
33,52,290
33,53,289
33,54,292
33,55,290
33,56,286
33,57,285
33,58,286
33,59,284
33,60,292
33,61,291
33,62,292
33,63,291
33,64,441
33,65,440
33,66,442
33,67,440
33,68,448
33,69,446
33,70,448
33,71,447
33,72,441
33,73,440
33,74,442
33,75,440
33,76,448
33,77,452
33,78,454
33,79,453
33,80,456
33,81,455
33,82,458
33,83,456
33,84,464
33,85,461
33,86,462
33,87,462
33,88,457
33,89,457
33,90,459
33,91,457
33,92,465
33,93,462
33,94,465
33,95,464
33,96,456
33,97,455
33,98,456
33,99,454
33,100,467
33,101,464
33,102,462
33,103,462
33,104,457
33,105,456
33,106,457
33,107,456
33,108,463
33,109,462
33,110,464
33,111,463
33,112,465
33,113,466
33,114,466
33,115,463
33,116,473
33,117,474
33,118,472
33,119,474
33,120,469
33,121,468
33,122,467
33,123,465
33,124,472
33,125,473
33,126,475
33,127,475
34,0,478
34,1,397
34,2,308
34,3,306
34,4,314
34,5,312
34,6,314
34,7,313
34,8,308
34,9,308
34,10,309
34,11,307
34,12,316
34,13,314
34,14,315
34,15,315
34,16,316
34,17,315
34,18,316
34,19,315
34,20,323
34,21,321
34,22,323
34,23,322
34,24,317
34,25,316
34,26,318
34,27,316
34,28,324
34,29,322
34,30,324
34,31,323
34,32,112
34,33,112
34,34,-1
34,35,112
34,36,118
34,37,118
34,38,118
34,39,118
34,40,274
34,41,273
34,42,275
34,43,273
34,44,279
34,45,277
34,46,279
34,47,278
34,48,283
34,49,282
34,50,284
34,51,282
34,52,290
34,53,289
34,54,290
34,55,289
34,56,284
34,57,284
34,58,285
34,59,283
34,60,291
34,61,290
34,62,291
34,63,291
34,64,440
34,65,439
34,66,440
34,67,439
34,68,447
34,69,445
34,70,447
34,71,446
34,72,440
34,73,439
34,74,440
34,75,439
34,76,447
34,77,445
34,78,447
34,79,446
34,80,448
34,81,447
34,82,450
34,83,449
34,84,457
34,85,454
34,86,455
34,87,454
34,88,450
34,89,451
34,90,452
34,91,450
34,92,456
34,93,454
34,94,456
34,95,457
34,96,467
34,97,448
34,98,449
34,99,447
34,100,455
34,101,453
34,102,460
34,103,457
34,104,449
34,105,449
34,106,450
34,107,448
34,108,456
34,109,455
34,110,457
34,111,456
34,112,458
34,113,457
34,114,459
34,115,456
34,116,466
34,117,463
34,118,464
34,119,463
34,120,458
34,121,460
34,122,460
34,123,456
34,124,464
34,125,463
34,126,464
34,127,463
35,0,303
35,1,303
35,2,304
35,3,302
35,4,309
35,5,308
35,6,310
35,7,309
35,8,304
35,9,304
35,10,305
35,11,303
35,12,311
35,13,309
35,14,311
35,15,310
35,16,312
35,17,311
35,18,312
35,19,310
35,20,318
35,21,316
35,22,318
35,23,318
35,24,313
35,25,312
35,26,313
35,27,311
35,28,319
35,29,318
35,30,319
35,31,319
35,32,113
35,33,113
35,34,113
35,35,-1
35,36,118
35,37,118
35,38,118
35,39,118
35,40,282
35,41,281
35,42,282
35,43,281
35,44,287
35,45,285
35,46,287
35,47,286
35,48,285
35,49,284
35,50,285
35,51,284
35,52,292
35,53,290
35,54,292
35,55,291
35,56,286
35,57,285
35,58,287
35,59,285
35,60,293
35,61,291
35,62,293
35,63,292
35,64,442
35,65,441
35,66,442
35,67,440
35,68,448
35,69,447
35,70,448
35,71,448
35,72,442
35,73,441
35,74,442
35,75,440
35,76,448
35,77,447
35,78,448
35,79,448
35,80,450
35,81,449
35,82,450
35,83,449
35,84,457
35,85,455
35,86,457
35,87,458
35,88,453
35,89,452
35,90,453
35,91,451
35,92,458
35,93,456
35,94,459
35,95,457
35,96,450
35,97,449
35,98,453
35,99,454
35,100,457
35,101,455
35,102,457
35,103,456
35,104,451
35,105,451
35,106,452
35,107,450
35,108,458
35,109,456
35,110,458
35,111,457
35,112,462
35,113,461
35,114,463
35,115,460
35,116,469
35,117,468
35,118,470
35,119,465
35,120,459
35,121,458
35,122,460
35,123,458
35,124,466
35,125,464
35,126,466
35,127,465
36,0,307
36,1,308
36,2,308
36,3,306
36,4,315
36,5,313
36,6,315
36,7,314
36,8,309
36,9,308
36,10,309
36,11,308
36,12,315
36,13,314
36,14,316
36,15,315
36,16,316
36,17,315
36,18,317
36,19,315
36,20,323
36,21,321
36,22,323
36,23,322
36,24,317
36,25,317
36,26,318
36,27,316
36,28,324
36,29,323
36,30,324
36,31,323
36,32,118
36,33,118
36,34,118
36,35,117
36,36,-1
36,37,123
36,38,123
36,39,126
36,40,280
36,41,279
36,42,281
36,43,279
36,44,285
36,45,284
36,46,285
36,47,285
36,48,290
36,49,289
36,50,290
36,51,288
36,52,296
36,53,295
36,54,296
36,55,295
36,56,291
36,57,290
36,58,292
36,59,290
36,60,298
36,61,296
36,62,298
36,63,297
36,64,446
36,65,445
36,66,447
36,67,445
36,68,453
36,69,451
36,70,453
36,71,452
36,72,446
36,73,445
36,74,446
36,75,445
36,76,453
36,77,451
36,78,453
36,79,452
36,80,455
36,81,455
36,82,456
36,83,455
36,84,463
36,85,461
36,86,463
36,87,461
36,88,456
36,89,456
36,90,456
36,91,455
36,92,464
36,93,461
36,94,464
36,95,464
36,96,477
36,97,466
36,98,455
36,99,453
36,100,465
36,101,464
36,102,462
36,103,461
36,104,456
36,105,455
36,106,456
36,107,455
36,108,463
36,109,461
36,110,463
36,111,462
36,112,464
36,113,466
36,114,471
36,115,469
36,116,477
36,117,475
36,118,477
36,119,476
36,120,470
36,121,469
36,122,471
36,123,469
36,124,477
36,125,478
36,126,479
36,127,479
37,0,404
37,1,315
37,2,316
37,3,314
37,4,322
37,5,321
37,6,322
37,7,321
37,8,317
37,9,316
37,10,317
37,11,315
37,12,324
37,13,322
37,14,323
37,15,323
37,16,324
37,17,323
37,18,325
37,19,323
37,20,331
37,21,329
37,22,331
37,23,330
37,24,332
37,25,331
37,26,332
37,27,329
37,28,338
37,29,336
37,30,339
37,31,337
37,32,118
37,33,118
37,34,118
37,35,118
37,36,123
37,37,-1
37,38,123
37,39,126
37,40,292
37,41,287
37,42,289
37,43,287
37,44,293
37,45,291
37,46,293
37,47,293
37,48,291
37,49,290
37,50,292
37,51,290
37,52,298
37,53,297
37,54,298
37,55,297
37,56,293
37,57,292
37,58,293
37,59,292
37,60,300
37,61,298
37,62,299
37,63,299
37,64,448
37,65,447
37,66,448
37,67,447
37,68,455
37,69,453
37,70,455
37,71,454
37,72,448
37,73,447
37,74,448
37,75,447
37,76,455
37,77,453
37,78,455
37,79,454
37,80,457
37,81,457
37,82,457
37,83,455
37,84,464
37,85,462
37,86,464
37,87,464
37,88,458
37,89,457
37,90,458
37,91,456
37,92,464
37,93,463
37,94,466
37,95,464
37,96,456
37,97,456
37,98,457
37,99,455
37,100,465
37,101,467
37,102,463
37,103,463
37,104,458
37,105,457
37,106,458
37,107,456
37,108,464
37,109,463
37,110,465
37,111,464
37,112,467
37,113,466
37,114,467
37,115,465
37,116,474
37,117,474
37,118,473
37,119,475
37,120,469
37,121,469
37,122,468
37,123,466
37,124,473
37,125,474
37,126,476
37,127,476
38,0,480
38,1,415
38,2,309
38,3,307
38,4,315
38,5,313
38,6,315
38,7,314
38,8,310
38,9,309
38,10,311
38,11,309
38,12,317
38,13,315
38,14,316
38,15,316
38,16,318
38,17,316
38,18,318
38,19,316
38,20,324
38,21,322
38,22,324
38,23,323
38,24,319
38,25,317
38,26,319
38,27,317
38,28,325
38,29,323
38,30,325
38,31,324
38,32,118
38,33,118
38,34,118
38,35,118
38,36,125
38,37,123
38,38,-1
38,39,123
38,40,287
38,41,287
38,42,288
38,43,286
38,44,292
38,45,291
38,46,292
38,47,292
38,48,290
38,49,290
38,50,291
38,51,289
38,52,297
38,53,295
38,54,298
38,55,297
38,56,291
38,57,291
38,58,292
38,59,291
38,60,299
38,61,297
38,62,299
38,63,298
38,64,461
38,65,460
38,66,462
38,67,460
38,68,468
38,69,460
38,70,454
38,71,453
38,72,447
38,73,447
38,74,448
38,75,446
38,76,454
38,77,452
38,78,454
38,79,453
38,80,456
38,81,456
38,82,457
38,83,455
38,84,463
38,85,461
38,86,464
38,87,463
38,88,459
38,89,457
38,90,458
38,91,456
38,92,464
38,93,462
38,94,465
38,95,465
38,96,470
38,97,455
38,98,456
38,99,454
38,100,462
38,101,466
38,102,468
38,103,462
38,104,457
38,105,456
38,106,458
38,107,455
38,108,464
38,109,462
38,110,464
38,111,463
38,112,465
38,113,467
38,114,469
38,115,467
38,116,472
38,117,470
38,118,471
38,119,471
38,120,465
38,121,464
38,122,465
38,123,464
38,124,472
38,125,470
38,126,471
38,127,471
39,0,309
39,1,309
39,2,311
39,3,314
39,4,322
39,5,321
39,6,322
39,7,321
39,8,311
39,9,310
39,10,311
39,11,309
39,12,317
39,13,315
39,14,317
39,15,317
39,16,324
39,17,323
39,18,325
39,19,323
39,20,331
39,21,323
39,22,325
39,23,324
39,24,319
39,25,318
39,26,320
39,27,317
39,28,326
39,29,324
39,30,326
39,31,325
39,32,118
39,33,118
39,34,118
39,35,118
39,36,123
39,37,123
39,38,123
39,39,-1
39,40,289
39,41,287
39,42,289
39,43,287
39,44,293
39,45,291
39,46,293
39,47,292
39,48,291
39,49,291
39,50,292
39,51,290
39,52,298
39,53,296
39,54,298
39,55,298
39,56,299
39,57,298
39,58,299
39,59,297
39,60,305
39,61,304
39,62,305
39,63,305
39,64,448
39,65,447
39,66,448
39,67,447
39,68,455
39,69,453
39,70,455
39,71,454
39,72,448
39,73,447
39,74,449
39,75,447
39,76,455
39,77,453
39,78,455
39,79,454
39,80,457
39,81,456
39,82,457
39,83,456
39,84,465
39,85,463
39,86,465
39,87,463
39,88,458
39,89,457
39,90,459
39,91,458
39,92,465
39,93,463
39,94,464
39,95,464
39,96,461
39,97,455
39,98,457
39,99,455
39,100,463
39,101,462
39,102,469
39,103,464
39,104,458
39,105,457
39,106,458
39,107,456
39,108,465
39,109,463
39,110,464
39,111,464
39,112,466
39,113,465
39,114,467
39,115,465
39,116,473
39,117,472
39,118,473
39,119,475
39,120,469
39,121,469
39,122,468
39,123,466
39,124,473
39,125,474
39,126,476
39,127,475
40,0,479
40,1,415
40,2,308
40,3,307
40,4,315
40,5,313
40,6,315
40,7,314
40,8,309
40,9,308
40,10,310
40,11,308
40,12,316
40,13,309
40,14,310
40,15,309
40,16,311
40,17,309
40,18,311
40,19,309
40,20,318
40,21,316
40,22,317
40,23,317
40,24,311
40,25,311
40,26,312
40,27,310
40,28,319
40,29,317
40,30,318
40,31,318
40,32,281
40,33,280
40,34,281
40,35,279
40,36,288
40,37,286
40,38,287
40,39,287
40,40,-1
40,41,113
40,42,113
40,43,112
40,44,117
40,45,117
40,46,117
40,47,117
40,48,284
40,49,283
40,50,284
40,51,282
40,52,290
40,53,289
40,54,290
40,55,290
40,56,285
40,57,284
40,58,285
40,59,284
40,60,292
40,61,290
40,62,292
40,63,291
40,64,440
40,65,439
40,66,441
40,67,439
40,68,447
40,69,445
40,70,447
40,71,447
40,72,440
40,73,439
40,74,441
40,75,439
40,76,447
40,77,445
40,78,447
40,79,447
40,80,449
40,81,448
40,82,449
40,83,448
40,84,455
40,85,454
40,86,456
40,87,455
40,88,450
40,89,450
40,90,451
40,91,449
40,92,459
40,93,455
40,94,458
40,95,458
40,96,471
40,97,460
40,98,449
40,99,448
40,100,456
40,101,454
40,102,455
40,103,455
40,104,456
40,105,450
40,106,451
40,107,449
40,108,457
40,109,455
40,110,457
40,111,456
40,112,458
40,113,457
40,114,458
40,115,457
40,116,467
40,117,467
40,118,468
40,119,468
40,120,460
40,121,461
40,122,462
40,123,460
40,124,469
40,125,467
40,126,465
40,127,464
41,0,303
41,1,302
41,2,303
41,3,301
41,4,309
41,5,307
41,6,309
41,7,308
41,8,304
41,9,303
41,10,305
41,11,303
41,12,310
41,13,309
41,14,310
41,15,309
41,16,311
41,17,310
41,18,312
41,19,310
41,20,317
41,21,316
41,22,318
41,23,316
41,24,312
41,25,311
41,26,313
41,27,311
41,28,319
41,29,318
41,30,319
41,31,318
41,32,282
41,33,275
41,34,276
41,35,274
41,36,282
41,37,280
41,38,282
41,39,281
41,40,113
41,41,-1
41,42,113
41,43,112
41,44,117
41,45,117
41,46,117
41,47,117
41,48,284
41,49,284
41,50,285
41,51,283
41,52,291
41,53,289
41,54,292
41,55,290
41,56,286
41,57,285
41,58,286
41,59,284
41,60,292
41,61,291
41,62,292
41,63,292
41,64,441
41,65,440
41,66,442
41,67,440
41,68,448
41,69,446
41,70,448
41,71,447
41,72,441
41,73,440
41,74,442
41,75,440
41,76,448
41,77,446
41,78,448
41,79,447
41,80,450
41,81,448
41,82,450
41,83,448
41,84,456
41,85,455
41,86,456
41,87,455
41,88,451
41,89,450
41,90,451
41,91,450
41,92,458
41,93,456
41,94,457
41,95,457
41,96,449
41,97,455
41,98,456
41,99,454
41,100,466
41,101,465
41,102,463
41,103,462
41,104,457
41,105,456
41,106,458
41,107,456
41,108,464
41,109,462
41,110,464
41,111,463
41,112,465
41,113,459
41,114,459
41,115,457
41,116,468
41,117,467
41,118,469
41,119,465
41,120,459
41,121,458
41,122,459
41,123,457
41,124,468
41,125,466
41,126,465
41,127,468
42,0,472
42,1,472
42,2,392
42,3,300
42,4,308
42,5,306
42,6,308
42,7,307
42,8,302
42,9,301
42,10,303
42,11,301
42,12,309
42,13,307
42,14,309
42,15,308
42,16,310
42,17,309
42,18,310
42,19,308
42,20,317
42,21,315
42,22,316
42,23,316
42,24,311
42,25,310
42,26,312
42,27,310
42,28,318
42,29,316
42,30,318
42,31,317
42,32,280
42,33,279
42,34,281
42,35,279
42,36,287
42,37,285
42,38,287
42,39,287
42,40,112
42,41,112
42,42,-1
42,43,112
42,44,117
42,45,116
42,46,116
42,47,116
42,48,283
42,49,282
42,50,284
42,51,282
42,52,290
42,53,289
42,54,290
42,55,289
42,56,284
42,57,284
42,58,285
42,59,283
42,60,291
42,61,290
42,62,291
42,63,291
42,64,440
42,65,439
42,66,440
42,67,439
42,68,447
42,69,445
42,70,447
42,71,446
42,72,440
42,73,439
42,74,440
42,75,439
42,76,447
42,77,445
42,78,447
42,79,446
42,80,449
42,81,449
42,82,450
42,83,448
42,84,456
42,85,455
42,86,456
42,87,456
42,88,451
42,89,449
42,90,450
42,91,448
42,92,457
42,93,456
42,94,458
42,95,456
42,96,455
42,97,448
42,98,449
42,99,447
42,100,455
42,101,454
42,102,458
42,103,459
42,104,450
42,105,449
42,106,450
42,107,448
42,108,456
42,109,455
42,110,457
42,111,456
42,112,458
42,113,457
42,114,459
42,115,456
42,116,466
42,117,463
42,118,464
42,119,463
42,120,458
42,121,460
42,122,460
42,123,459
42,124,467
42,125,463
42,126,464
42,127,463
43,0,303
43,1,302
43,2,303
43,3,302
43,4,310
43,5,308
43,6,310
43,7,309
43,8,304
43,9,303
43,10,305
43,11,303
43,12,311
43,13,309
43,14,311
43,15,310
43,16,312
43,17,311
43,18,312
43,19,310
43,20,318
43,21,317
43,22,318
43,23,318
43,24,313
43,25,312
43,26,313
43,27,311
43,28,319
43,29,318
43,30,319
43,31,319
43,32,276
43,33,275
43,34,276
43,35,274
43,36,282
43,37,281
43,38,282
43,39,282
43,40,113
43,41,113
43,42,113
43,43,-1
43,44,117
43,45,117
43,46,117
43,47,117
43,48,285
43,49,284
43,50,285
43,51,284
43,52,292
43,53,290
43,54,292
43,55,291
43,56,286
43,57,285
43,58,287
43,59,285
43,60,293
43,61,292
43,62,293
43,63,292
43,64,443
43,65,441
43,66,442
43,67,440
43,68,448
43,69,447
43,70,448
43,71,448
43,72,441
43,73,441
43,74,442
43,75,440
43,76,448
43,77,447
43,78,448
43,79,448
43,80,451
43,81,450
43,82,450
43,83,449
43,84,457
43,85,455
43,86,457
43,87,456
43,88,451
43,89,450
43,90,452
43,91,450
43,92,458
43,93,456
43,94,458
43,95,457
43,96,450
43,97,449
43,98,451
43,99,455
43,100,460
43,101,455
43,102,457
43,103,456
43,104,451
43,105,451
43,106,452
43,107,450
43,108,458
43,109,456
43,110,458
43,111,457
43,112,461
43,113,459
43,114,463
43,115,462
43,116,470
43,117,464
43,118,470
43,119,466
43,120,459
43,121,458
43,122,460
43,123,458
43,124,466
43,125,464
43,126,469
43,127,468
44,0,306
44,1,306
44,2,306
44,3,305
44,4,312
44,5,310
44,6,312
44,7,312
44,8,307
44,9,306
44,10,307
44,11,305
44,12,314
44,13,312
44,14,314
44,15,313
44,16,314
44,17,313
44,18,315
44,19,313
44,20,321
44,21,319
44,22,321
44,23,321
44,24,316
44,25,315
44,26,316
44,27,314
44,28,322
44,29,321
44,30,322
44,31,322
44,32,279
44,33,278
44,34,279
44,35,277
44,36,285
44,37,284
44,38,285
44,39,284
44,40,117
44,41,117
44,42,117
44,43,116
44,44,-1
44,45,120
44,46,121
44,47,121
44,48,294
44,49,293
44,50,294
44,51,293
44,52,301
44,53,299
44,54,301
44,55,300
44,56,289
44,57,288
44,58,289
44,59,288
44,60,296
44,61,294
44,62,296
44,63,295
44,64,444
44,65,444
44,66,445
44,67,443
44,68,451
44,69,449
44,70,451
44,71,450
44,72,444
44,73,444
44,74,445
44,75,443
44,76,451
44,77,449
44,78,451
44,79,450
44,80,453
44,81,452
44,82,453
44,83,452
44,84,461
44,85,458
44,86,461
44,87,461
44,88,456
44,89,454
44,90,455
44,91,453
44,92,462
44,93,461
44,94,463
44,95,462
44,96,475
44,97,474
44,98,476
44,99,463
44,100,460
44,101,464
44,102,461
44,103,459
44,104,460
44,105,459
44,106,461
44,107,459
44,108,467
44,109,465
44,110,467
44,111,466
44,112,464
44,113,465
44,114,463
44,115,463
44,116,471
44,117,470
44,118,471
44,119,468
44,120,462
44,121,461
44,122,463
44,123,461
44,124,469
44,125,467
44,126,469
44,127,468
45,0,307
45,1,307
45,2,308
45,3,306
45,4,314
45,5,313
45,6,315
45,7,313
45,8,309
45,9,308
45,10,309
45,11,307
45,12,315
45,13,314
45,14,315
45,15,315
45,16,316
45,17,315
45,18,317
45,19,315
45,20,324
45,21,321
45,22,323
45,23,323
45,24,317
45,25,316
45,26,318
45,27,316
45,28,324
45,29,323
45,30,324
45,31,323
45,32,280
45,33,279
45,34,281
45,35,279
45,36,287
45,37,286
45,38,287
45,39,287
45,40,117
45,41,117
45,42,117
45,43,117
45,44,121
45,45,-1
45,46,121
45,47,121
45,48,296
45,49,295
45,50,296
45,51,294
45,52,302
45,53,300
45,54,302
45,55,302
45,56,291
45,57,290
45,58,291
45,59,289
45,60,298
45,61,296
45,62,297
45,63,296
45,64,446
45,65,445
45,66,447
45,67,445
45,68,453
45,69,451
45,70,453
45,71,452
45,72,446
45,73,445
45,74,447
45,75,445
45,76,453
45,77,451
45,78,453
45,79,452
45,80,455
45,81,454
45,82,455
45,83,453
45,84,461
45,85,459
45,86,461
45,87,462
45,88,457
45,89,457
45,90,458
45,91,454
45,92,464
45,93,462
45,94,463
45,95,462
45,96,460
45,97,455
45,98,455
45,99,453
45,100,462
45,101,460
45,102,464
45,103,466
45,104,462
45,105,461
45,106,462
45,107,461
45,108,469
45,109,473
45,110,475
45,111,474
45,112,473
45,113,471
45,114,470
45,115,469
45,116,476
45,117,475
45,118,477
45,119,478
45,120,474
45,121,473
45,122,472
45,123,470
45,124,477
45,125,478
45,126,480
45,127,480
46,0,484
46,1,419
46,2,313
46,3,312
46,4,320
46,5,318
46,6,320
46,7,319
46,8,314
46,9,314
46,10,315
46,11,313
46,12,321
46,13,319
46,14,321
46,15,321
46,16,321
46,17,321
46,18,322
46,19,320
46,20,328
46,21,326
46,22,328
46,23,327
46,24,323
46,25,322
46,26,323
46,27,321
46,28,330
46,29,328
46,30,329
46,31,329
46,32,286
46,33,285
46,34,286
46,35,284
46,36,293
46,37,291
46,38,292
46,39,292
46,40,117
46,41,117
46,42,117
46,43,116
46,44,121
46,45,121
46,46,-1
46,47,121
46,48,295
46,49,294
46,50,296
46,51,294
46,52,302
46,53,300
46,54,302
46,55,301
46,56,296
46,57,295
46,58,296
46,59,295
46,60,304
46,61,302
46,62,303
46,63,302
46,64,451
46,65,451
46,66,452
46,67,450
46,68,458
46,69,456
46,70,458
46,71,458
46,72,458
46,73,457
46,74,458
46,75,456
46,76,464
46,77,463
46,78,464
46,79,464
46,80,460
46,81,460
46,82,460
46,83,460
46,84,468
46,85,465
46,86,468
46,87,466
46,88,461
46,89,460
46,90,462
46,91,462
46,92,470
46,93,466
46,94,469
46,95,469
46,96,487
46,97,471
46,98,460
46,99,459
46,100,467
46,101,465
46,102,473
46,103,467
46,104,461
46,105,460
46,106,462
46,107,460
46,108,468
46,109,466
46,110,468
46,111,467
46,112,475
46,113,472
46,114,470
46,115,470
46,116,476
46,117,477
46,118,478
46,119,475
46,120,469
46,121,468
46,122,470
46,123,468
46,124,476
46,125,474
46,126,476
46,127,475
47,0,313
47,1,313
47,2,314
47,3,313
47,4,321
47,5,319
47,6,320
47,7,320
47,8,315
47,9,314
47,10,315
47,11,313
47,12,321
47,13,320
47,14,321
47,15,321
47,16,322
47,17,322
47,18,323
47,19,321
47,20,329
47,21,327
47,22,329
47,23,329
47,24,324
47,25,322
47,26,324
47,27,322
47,28,331
47,29,329
47,30,330
47,31,329
47,32,324
47,33,286
47,34,287
47,35,285
47,36,293
47,37,291
47,38,293
47,39,292
47,40,117
47,41,117
47,42,117
47,43,116
47,44,121
47,45,120
47,46,120
47,47,-1
47,48,296
47,49,295
47,50,296
47,51,294
47,52,303
47,53,300
47,54,303
47,55,302
47,56,297
47,57,296
47,58,297
47,59,296
47,60,303
47,61,302
47,62,304
47,63,302
47,64,452
47,65,452
47,66,453
47,67,451
47,68,459
47,69,457
47,70,459
47,71,458
47,72,452
47,73,452
47,74,453
47,75,451
47,76,459
47,77,457
47,78,459
47,79,458
47,80,461
47,81,461
47,82,461
47,83,461
47,84,469
47,85,467
47,86,469
47,87,469
47,88,463
47,89,462
47,90,463
47,91,462
47,92,470
47,93,469
47,94,470
47,95,468
47,96,467
47,97,466
47,98,464
47,99,460
47,100,468
47,101,468
47,102,474
47,103,468
47,104,462
47,105,461
47,106,462
47,107,461
47,108,469
47,109,467
47,110,469
47,111,468
47,112,470
47,113,473
47,114,474
47,115,472
47,116,480
47,117,479
47,118,477
47,119,476
47,120,470
47,121,469
47,122,471
47,123,469
47,124,477
47,125,475
47,126,477
47,127,476
48,0,311
48,1,310
48,2,311
48,3,309
48,4,317
48,5,316
48,6,318
48,7,317
48,8,312
48,9,311
48,10,312
48,11,311
48,12,319
48,13,317
48,14,319
48,15,318
48,16,301
48,17,300
48,18,302
48,19,300
48,20,308
48,21,306
48,22,308
48,23,308
48,24,302
48,25,302
48,26,303
48,27,301
48,28,309
48,29,308
48,30,309
48,31,309
48,32,284
48,33,283
48,34,284
48,35,282
48,36,290
48,37,289
48,38,291
48,39,290
48,40,290
48,41,289
48,42,290
48,43,289
48,44,295
48,45,293
48,46,295
48,47,294
48,48,-1
48,49,113
48,50,113
48,51,112
48,52,118
48,53,118
48,54,118
48,55,118
48,56,276
48,57,275
48,58,276
48,59,275
48,60,283
48,61,281
48,62,282
48,63,282
48,64,460
48,65,465
48,66,466
48,67,465
48,68,470
48,69,467
48,70,470
48,71,472
48,72,460
48,73,459
48,74,460
48,75,459
48,76,467
48,77,463
48,78,466
48,79,466
48,80,468
48,81,467
48,82,469
48,83,465
48,84,474
48,85,472
48,86,474
48,87,474
48,88,469
48,89,469
48,90,470
48,91,468
48,92,475
48,93,473
48,94,475
48,95,475
48,96,468
48,97,467
48,98,469
48,99,467
48,100,475
48,101,473
48,102,475
48,103,474
48,104,470
48,105,466
48,106,468
48,107,468
48,108,474
48,109,471
48,110,472
48,111,474
48,112,484
48,113,483
48,114,484
48,115,482
48,116,490
48,117,488
48,118,490
48,119,490
48,120,477
48,121,477
48,122,478
48,123,476
48,124,484
48,125,482
48,126,484
48,127,483
49,0,423
49,1,317
49,2,318
49,3,316
49,4,324
49,5,322
49,6,324
49,7,323
49,8,319
49,9,318
49,10,319
49,11,317
49,12,325
49,13,324
49,14,326
49,15,324
49,16,308
49,17,307
49,18,308
49,19,307
49,20,314
49,21,313
49,22,315
49,23,314
49,24,309
49,25,308
49,26,310
49,27,308
49,28,316
49,29,314
49,30,309
49,31,309
49,32,284
49,33,284
49,34,285
49,35,283
49,36,290
49,37,289
49,38,292
49,39,290
49,40,284
49,41,284
49,42,291
49,43,289
49,44,296
49,45,294
49,46,295
49,47,295
49,48,113
49,49,-1
49,50,113
49,51,112
49,52,118
49,53,118
49,54,118
49,55,118
49,56,283
49,57,282
49,58,283
49,59,281
49,60,290
49,61,288
49,62,289
49,63,289
49,64,460
49,65,460
49,66,461
49,67,459
49,68,464
49,69,462
49,70,463
49,71,464
49,72,454
49,73,453
49,74,455
49,75,450
49,76,457
49,77,456
49,78,459
49,79,460
49,80,463
49,81,462
49,82,463
49,83,461
49,84,469
49,85,467
49,86,469
49,87,469
49,88,464
49,89,463
49,90,463
49,91,461
49,92,471
49,93,469
49,94,471
49,95,470
49,96,466
49,97,466
49,98,461
49,99,461
49,100,467
49,101,465
49,102,470
49,103,475
49,104,464
49,105,463
49,106,465
49,107,463
49,108,471
49,109,469
49,110,471
49,111,470
49,112,472
49,113,471
49,114,472
49,115,471
49,116,479
49,117,477
49,118,479
49,119,478
49,120,472
49,121,471
49,122,473
49,123,471
49,124,479
49,125,477
49,126,479
49,127,478
50,0,328
50,1,310
50,2,317
50,3,315
50,4,323
50,5,322
50,6,324
50,7,323
50,8,318
50,9,317
50,10,318
50,11,317
50,12,325
50,13,323
50,14,324
50,15,324
50,16,307
50,17,306
50,18,307
50,19,306
50,20,314
50,21,312
50,22,314
50,23,313
50,24,308
50,25,307
50,26,309
50,27,307
50,28,315
50,29,313
50,30,315
50,31,314
50,32,289
50,33,288
50,34,290
50,35,288
50,36,296
50,37,295
50,38,296
50,39,296
50,40,289
50,41,288
50,42,290
50,43,288
50,44,294
50,45,293
50,46,294
50,47,294
50,48,112
50,49,112
50,50,-1
50,51,112
50,52,118
50,53,118
50,54,118
50,55,118
50,56,281
50,57,281
50,58,282
50,59,280
50,60,288
50,61,286
50,62,288
50,63,287
50,64,459
50,65,459
50,66,460
50,67,458
50,68,466
50,69,464
50,70,466
50,71,465
50,72,465
50,73,465
50,74,466
50,75,464
50,76,472
50,77,471
50,78,472
50,79,471
50,80,468
50,81,467
50,82,468
50,83,466
50,84,474
50,85,473
50,86,473
50,87,472
50,88,468
50,89,467
50,90,467
50,91,467
50,92,474
50,93,472
50,94,474
50,95,474
50,96,469
50,97,472
50,98,466
50,99,463
50,100,473
50,101,477
50,102,481
50,103,480
50,104,475
50,105,474
50,106,476
50,107,474
50,108,482
50,109,480
50,110,476
50,111,473
50,112,477
50,113,476
50,114,477
50,115,476
50,116,484
50,117,482
50,118,484
50,119,483
50,120,477
50,121,476
50,122,477
50,123,476
50,124,484
50,125,482
50,126,484
50,127,483
51,0,489
51,1,489
51,2,489
51,3,487
51,4,495
51,5,494
51,6,495
51,7,495
51,8,490
51,9,489
51,10,490
51,11,489
51,12,497
51,13,411
51,14,326
51,15,325
51,16,308
51,17,308
51,18,309
51,19,307
51,20,315
51,21,314
51,22,315
51,23,314
51,24,310
51,25,309
51,26,310
51,27,309
51,28,317
51,29,315
51,30,316
51,31,316
51,32,322
51,33,295
51,34,292
51,35,290
51,36,298
51,37,296
51,38,298
51,39,297
51,40,291
51,41,290
51,42,292
51,43,290
51,44,296
51,45,294
51,46,296
51,47,295
51,48,113
51,49,113
51,50,113
51,51,-1
51,52,118
51,53,118
51,54,118
51,55,118
51,56,283
51,57,282
51,58,284
51,59,282
51,60,290
51,61,288
51,62,290
51,63,289
51,64,461
51,65,460
51,66,460
51,67,456
51,68,467
51,69,463
51,70,464
51,71,463
51,72,459
51,73,459
51,74,461
51,75,457
51,76,464
51,77,462
51,78,466
51,79,467
51,80,470
51,81,468
51,82,470
51,83,467
51,84,474
51,85,472
51,86,474
51,87,474
51,88,469
51,89,468
51,90,469
51,91,467
51,92,475
51,93,476
51,94,476
51,95,475
51,96,470
51,97,470
51,98,476
51,99,466
51,100,473
51,101,471
51,102,473
51,103,472
51,104,467
51,105,466
51,106,469
51,107,468
51,108,477
51,109,473
51,110,474
51,111,473
51,112,477
51,113,478
51,114,479
51,115,477
51,116,486
51,117,483
51,118,485
51,119,485
51,120,479
51,121,478
51,122,479
51,123,477
51,124,486
51,125,484
51,126,485
51,127,485
52,0,494
52,1,426
52,2,324
52,3,322
52,4,329
52,5,328
52,6,329
52,7,329
52,8,324
52,9,323
52,10,324
52,11,323
52,12,331
52,13,329
52,14,331
52,15,330
52,16,313
52,17,313
52,18,313
52,19,312
52,20,320
52,21,318
52,22,320
52,23,319
52,24,315
52,25,313
52,26,314
52,27,313
52,28,321
52,29,320
52,30,321
52,31,321
52,32,295
52,33,295
52,34,296
52,35,294
52,36,302
52,37,301
52,38,303
52,39,302
52,40,295
52,41,295
52,42,296
52,43,294
52,44,300
52,45,299
52,46,301
52,47,300
52,48,118
52,49,118
52,50,118
52,51,117
52,52,-1
52,53,123
52,54,123
52,55,126
52,56,287
52,57,287
52,58,288
52,59,287
52,60,295
52,61,293
52,62,295
52,63,294
52,64,466
52,65,465
52,66,466
52,67,464
52,68,473
52,69,471
52,70,472
52,71,472
52,72,466
52,73,465
52,74,466
52,75,464
52,76,473
52,77,471
52,78,472
52,79,472
52,80,474
52,81,473
52,82,475
52,83,473
52,84,479
52,85,477
52,86,480
52,87,480
52,88,475
52,89,474
52,90,476
52,91,474
52,92,482
52,93,480
52,94,482
52,95,481
52,96,480
52,97,474
52,98,474
52,99,473
52,100,484
52,101,479
52,102,485
52,103,480
52,104,482
52,105,481
52,106,482
52,107,480
52,108,489
52,109,487
52,110,488
52,111,488
52,112,483
52,113,482
52,114,484
52,115,482
52,116,490
52,117,488
52,118,490
52,119,489
52,120,483
52,121,482
52,122,484
52,123,482
52,124,490
52,125,488
52,126,490
52,127,489
53,0,495
53,1,495
53,2,496
53,3,410
53,4,331
53,5,330
53,6,331
53,7,330
53,8,326
53,9,325
53,10,327
53,11,325
53,12,333
53,13,331
53,14,332
53,15,332
53,16,315
53,17,314
53,18,315
53,19,314
53,20,322
53,21,320
53,22,322
53,23,321
53,24,316
53,25,315
53,26,316
53,27,315
53,28,323
53,29,321
53,30,323
53,31,322
53,32,304
53,33,303
53,34,298
53,35,297
53,36,304
53,37,302
53,38,304
53,39,303
53,40,297
53,41,297
53,42,298
53,43,296
53,44,302
53,45,301
53,46,302
53,47,302
53,48,118
53,49,118
53,50,118
53,51,118
53,52,123
53,53,-1
53,54,123
53,55,126
53,56,289
53,57,289
53,58,290
53,59,288
53,60,296
53,61,294
53,62,296
53,63,296
53,64,467
53,65,467
53,66,468
53,67,464
53,68,474
53,69,469
53,70,470
53,71,470
53,72,465
53,73,465
53,74,467
53,75,463
53,76,470
53,77,468
53,78,472
53,79,474
53,80,476
53,81,475
53,82,476
53,83,473
53,84,481
53,85,479
53,86,481
53,87,480
53,88,482
53,89,476
53,90,478
53,91,476
53,92,484
53,93,482
53,94,484
53,95,487
53,96,473
53,97,471
53,98,473
53,99,475
53,100,482
53,101,483
53,102,480
53,103,478
53,104,481
53,105,482
53,106,484
53,107,482
53,108,490
53,109,485
53,110,488
53,111,483
53,112,491
53,113,490
53,114,492
53,115,490
53,116,498
53,117,496
53,118,498
53,119,497
53,120,488
53,121,485
53,122,492
53,123,490
53,124,498
53,125,490
53,126,492
53,127,491
54,0,327
54,1,329
54,2,331
54,3,329
54,4,337
54,5,335
54,6,336
54,7,336
54,8,325
54,9,325
54,10,326
54,11,324
54,12,332
54,13,330
54,14,332
54,15,331
54,16,314
54,17,313
54,18,315
54,19,313
54,20,321
54,21,319
54,22,321
54,23,314
54,24,309
54,25,308
54,26,309
54,27,308
54,28,316
54,29,314
54,30,316
54,31,315
54,32,290
54,33,290
54,34,291
54,35,289
54,36,297
54,37,295
54,38,302
54,39,303
54,40,297
54,41,296
54,42,297
54,43,296
54,44,302
54,45,300
54,46,302
54,47,301
54,48,118
54,49,118
54,50,118
54,51,118
54,52,125
54,53,123
54,54,-1
54,55,123
54,56,295
54,57,294
54,58,295
54,59,293
54,60,302
54,61,300
54,62,302
54,63,301
54,64,473
54,65,472
54,66,473
54,67,471
54,68,479
54,69,474
54,70,474
54,71,473
54,72,467
54,73,466
54,74,467
54,75,465
54,76,471
54,77,468
54,78,470
54,79,469
54,80,468
54,81,468
54,82,469
54,83,468
54,84,482
54,85,480
54,86,482
54,87,481
54,88,476
54,89,476
54,90,477
54,91,475
54,92,482
54,93,479
54,94,481
54,95,481
54,96,475
54,97,474
54,98,470
54,99,468
54,100,476
54,101,474
54,102,476
54,103,475
54,104,470
54,105,469
54,106,471
54,107,469
54,108,477
54,109,475
54,110,477
54,111,476
54,112,484
54,113,483
54,114,485
54,115,483
54,116,491
54,117,489
54,118,491
54,119,490
54,120,478
54,121,477
54,122,479
54,123,477
54,124,485
54,125,483
54,126,485
54,127,484
55,0,410
55,1,325
55,2,325
55,3,323
55,4,331
55,5,330
55,6,331
55,7,330
55,8,326
55,9,325
55,10,326
55,11,324
55,12,333
55,13,331
55,14,332
55,15,332
55,16,319
55,17,308
55,18,309
55,19,307
55,20,316
55,21,314
55,22,316
55,23,315
55,24,310
55,25,309
55,26,310
55,27,309
55,28,317
55,29,315
55,30,317
55,31,316
55,32,296
55,33,291
55,34,292
55,35,290
55,36,298
55,37,297
55,38,304
55,39,304
55,40,297
55,41,297
55,42,298
55,43,296
55,44,302
55,45,300
55,46,302
55,47,302
55,48,118
55,49,118
55,50,118
55,51,118
55,52,123
55,53,123
55,54,123
55,55,-1
55,56,284
55,57,282
55,58,285
55,59,282
55,60,290
55,61,288
55,62,290
55,63,289
55,64,461
55,65,460
55,66,462
55,67,460
55,68,468
55,69,467
55,70,468
55,71,473
55,72,468
55,73,467
55,74,468
55,75,466
55,76,474
55,77,472
55,78,474
55,79,473
55,80,476
55,81,475
55,82,475
55,83,473
55,84,482
55,85,481
55,86,482
55,87,482
55,88,477
55,89,476
55,90,478
55,91,476
55,92,484
55,93,482
55,94,483
55,95,483
55,96,476
55,97,475
55,98,475
55,99,474
55,100,480
55,101,479
55,102,483
55,103,482
55,104,484
55,105,482
55,106,484
55,107,482
55,108,488
55,109,488
55,110,487
55,111,487
55,112,491
55,113,490
55,114,492
55,115,488
55,116,495
55,117,496
55,118,498
55,119,497
55,120,491
55,121,490
55,122,492
55,123,483
55,124,491
55,125,490
55,126,497
55,127,497
56,0,312
56,1,312
56,2,312
56,3,311
56,4,319
56,5,317
56,6,319
56,7,318
56,8,313
56,9,312
56,10,314
56,11,312
56,12,320
56,13,319
56,14,320
56,15,319
56,16,309
56,17,308
56,18,309
56,19,307
56,20,315
56,21,313
56,22,316
56,23,315
56,24,304
56,25,303
56,26,304
56,27,302
56,28,310
56,29,308
56,30,311
56,31,309
56,32,285
56,33,284
56,34,285
56,35,284
56,36,292
56,37,290
56,38,292
56,39,291
56,40,285
56,41,284
56,42,285
56,43,284
56,44,290
56,45,288
56,46,290
56,47,289
56,48,282
56,49,281
56,50,282
56,51,281
56,52,289
56,53,287
56,54,288
56,55,288
56,56,-1
56,57,113
56,58,113
56,59,112
56,60,118
56,61,118
56,62,118
56,63,118
56,64,461
56,65,460
56,66,461
56,67,460
56,68,465
56,69,462
56,70,466
56,71,467
56,72,461
56,73,460
56,74,460
56,75,456
56,76,467
56,77,466
56,78,468
56,79,467
56,80,463
56,81,461
56,82,463
56,83,461
56,84,468
56,85,466
56,86,470
56,87,469
56,88,465
56,89,464
56,90,464
56,91,461
56,92,469
56,93,469
56,94,471
56,95,471
56,96,470
56,97,468
56,98,464
56,99,462
56,100,470
56,101,474
56,102,474
56,103,470
56,104,471
56,105,470
56,106,471
56,107,467
56,108,474
56,109,472
56,110,478
56,111,477
56,112,479
56,113,478
56,114,479
56,115,478
56,116,485
56,117,484
56,118,485
56,119,485
56,120,473
56,121,472
56,122,473
56,123,471
56,124,479
56,125,484
56,126,485
56,127,485
57,0,319
57,1,318
57,2,319
57,3,317
57,4,325
57,5,324
57,6,326
57,7,324
57,8,320
57,9,319
57,10,320
57,11,319
57,12,327
57,13,325
57,14,327
57,15,326
57,16,309
57,17,308
57,18,310
57,19,308
57,20,316
57,21,314
57,22,316
57,23,315
57,24,310
57,25,310
57,26,311
57,27,309
57,28,317
57,29,316
57,30,317
57,31,317
57,32,292
57,33,291
57,34,292
57,35,291
57,36,299
57,37,297
57,38,299
57,39,298
57,40,292
57,41,291
57,42,292
57,43,291
57,44,297
57,45,295
57,46,297
57,47,296
57,48,283
57,49,282
57,50,283
57,51,281
57,52,289
57,53,288
57,54,290
57,55,288
57,56,113
57,57,-1
57,58,113
57,59,112
57,60,118
57,61,118
57,62,118
57,63,118
57,64,462
57,65,461
57,66,460
57,67,460
57,68,466
57,69,464
57,70,468
57,71,468
57,72,468
57,73,467
57,74,468
57,75,465
57,76,474
57,77,473
57,78,473
57,79,470
57,80,467
57,81,466
57,82,468
57,83,466
57,84,474
57,85,473
57,86,476
57,87,476
57,88,471
57,89,469
57,90,470
57,91,469
57,92,478
57,93,476
57,94,476
57,95,475
57,96,489
57,97,488
57,98,489
57,99,488
57,100,496
57,101,494
57,102,496
57,103,495
57,104,490
57,105,482
57,106,469
57,107,468
57,108,475
57,109,473
57,110,475
57,111,478
57,112,486
57,113,485
57,114,486
57,115,484
57,116,492
57,117,485
57,118,486
57,119,485
57,120,479
57,121,479
57,122,480
57,123,478
57,124,486
57,125,485
57,126,486
57,127,485
58,0,488
58,1,422
58,2,318
58,3,317
58,4,325
58,5,323
58,6,324
58,7,325
58,8,325
58,9,324
58,10,325
58,11,324
58,12,332
58,13,330
58,14,332
58,15,331
58,16,314
58,17,313
58,18,309
58,19,307
58,20,315
58,21,313
58,22,315
58,23,314
58,24,310
58,25,308
58,26,310
58,27,308
58,28,316
58,29,314
58,30,316
58,31,316
58,32,290
58,33,290
58,34,291
58,35,289
58,36,297
58,37,295
58,38,297
58,39,297
58,40,290
58,41,290
58,42,291
58,43,289
58,44,295
58,45,294
58,46,296
58,47,295
58,48,281
58,49,281
58,50,282
58,51,280
58,52,288
58,53,286
58,54,288
58,55,287
58,56,112
58,57,112
58,58,-1
58,59,112
58,60,118
58,61,118
58,62,118
58,63,118
58,64,466
58,65,466
58,66,467
58,67,465
58,68,471
58,69,468
58,70,471
58,71,473
58,72,466
58,73,466
58,74,467
58,75,465
58,76,473
58,77,472
58,78,473
58,79,473
58,80,468
58,81,466
58,82,468
58,83,467
58,84,475
58,85,472
58,86,474
58,87,475
58,88,470
58,89,469
58,90,471
58,91,469
58,92,476
58,93,473
58,94,476
58,95,476
58,96,469
58,97,465
58,98,467
58,99,462
58,100,466
58,101,466
58,102,470
58,103,469
58,104,470
58,105,469
58,106,471
58,107,469
58,108,477
58,109,475
58,110,477
58,111,476
58,112,472
58,113,471
58,114,473
58,115,471
58,116,478
58,117,477
58,118,479
58,119,478
58,120,472
58,121,471
58,122,472
58,123,471
58,124,478
58,125,477
58,126,479
58,127,478
59,0,484
59,1,484
59,2,484
59,3,483
59,4,491
59,5,489
59,6,491
59,7,490
59,8,491
59,9,407
59,10,321
59,11,319
59,12,327
59,13,326
59,14,328
59,15,327
59,16,304
59,17,303
59,18,304
59,19,302
59,20,310
59,21,309
59,22,311
59,23,309
59,24,305
59,25,304
59,26,305
59,27,304
59,28,312
59,29,310
59,30,312
59,31,311
59,32,286
59,33,285
59,34,287
59,35,285
59,36,293
59,37,292
59,38,293
59,39,292
59,40,286
59,41,285
59,42,287
59,43,285
59,44,291
59,45,289
59,46,291
59,47,291
59,48,283
59,49,282
59,50,284
59,51,282
59,52,290
59,53,288
59,54,290
59,55,289
59,56,113
59,57,113
59,58,113
59,59,-1
59,60,118
59,61,118
59,62,118
59,63,118
59,64,462
59,65,460
59,66,459
59,67,460
59,68,466
59,69,464
59,70,465
59,71,468
59,72,456
59,73,455
59,74,456
59,75,455
59,76,463
59,77,461
59,78,463
59,79,462
59,80,464
59,81,464
59,82,465
59,83,463
59,84,471
59,85,470
59,86,478
59,87,477
59,88,472
59,89,471
59,90,472
59,91,471
59,92,479
59,93,477
59,94,479
59,95,476
59,96,489
59,97,471
59,98,468
59,99,470
59,100,477
59,101,476
59,102,478
59,103,477
59,104,472
59,105,468
59,106,472
59,107,468
59,108,475
59,109,473
59,110,477
59,111,478
59,112,486
59,113,485
59,114,487
59,115,485
59,116,493
59,117,491
59,118,493
59,119,492
59,120,480
59,121,479
59,122,481
59,123,479
59,124,487
59,125,485
59,126,487
59,127,486
60,0,324
60,1,323
60,2,324
60,3,323
60,4,331
60,5,329
60,6,331
60,7,330
60,8,331
60,9,331
60,10,332
60,11,330
60,12,339
60,13,337
60,14,338
60,15,338
60,16,316
60,17,314
60,18,315
60,19,313
60,20,321
60,21,320
60,22,321
60,23,320
60,24,315
60,25,315
60,26,316
60,27,314
60,28,323
60,29,321
60,30,322
60,31,322
60,32,297
60,33,296
60,34,297
60,35,296
60,36,304
60,37,302
60,38,304
60,39,303
60,40,297
60,41,296
60,42,297
60,43,296
60,44,302
60,45,300
60,46,302
60,47,302
60,48,294
60,49,293
60,50,294
60,51,292
60,52,301
60,53,299
60,54,301
60,55,300
60,56,118
60,57,118
60,58,118
60,59,117
60,60,-1
60,61,123
60,62,123
60,63,126
60,64,470
60,65,464
60,66,463
60,67,463
60,68,473
60,69,472
60,70,474
60,71,473
60,72,465
60,73,465
60,74,467
60,75,466
60,76,474
60,77,472
60,78,471
60,79,469
60,80,473
60,81,474
60,82,476
60,83,472
60,84,481
60,85,479
60,86,481
60,87,480
60,88,475
60,89,475
60,90,477
60,91,473
60,92,482
60,93,480
60,94,482
60,95,481
60,96,494
60,97,484
60,98,474
60,99,474
60,100,479
60,101,477
60,102,478
60,103,478
60,104,479
60,105,480
60,106,483
60,107,481
60,108,490
60,109,488
60,110,490
60,111,489
60,112,485
60,113,484
60,114,485
60,115,483
60,116,491
60,117,490
60,118,491
60,119,491
60,120,485
60,121,484
60,122,485
60,123,483
60,124,492
60,125,490
60,126,491
60,127,491
61,0,343
61,1,325
61,2,326
61,3,324
61,4,333
61,5,331
61,6,332
61,7,332
61,8,333
61,9,332
61,10,333
61,11,332
61,12,340
61,13,338
61,14,340
61,15,339
61,16,316
61,17,315
61,18,316
61,19,315
61,20,323
61,21,321
61,22,323
61,23,322
61,24,317
61,25,317
61,26,318
61,27,316
61,28,324
61,29,322
61,30,324
61,31,324
61,32,326
61,33,298
61,34,299
61,35,297
61,36,305
61,37,304
61,38,305
61,39,305
61,40,298
61,41,298
61,42,299
61,43,297
61,44,304
61,45,302
61,46,304
61,47,303
61,48,296
61,49,293
61,50,290
61,51,288
61,52,293
61,53,288
61,54,290
61,55,289
61,56,118
61,57,118
61,58,118
61,59,118
61,60,123
61,61,-1
61,62,123
61,63,126
61,64,460
61,65,459
61,66,463
61,67,461
61,68,469
61,69,468
61,70,467
61,71,465
61,72,459
61,73,461
61,74,460
61,75,459
61,76,469
61,77,468
61,78,469
61,79,469
61,80,471
61,81,470
61,82,472
61,83,470
61,84,478
61,85,476
61,86,478
61,87,477
61,88,472
61,89,471
61,90,471
61,91,470
61,92,478
61,93,475
61,94,479
61,95,477
61,96,490
61,97,489
61,98,481
61,99,468
61,100,477
61,101,473
61,102,477
61,103,479
61,104,476
61,105,470
61,106,472
61,107,468
61,108,475
61,109,474
61,110,475
61,111,475
61,112,483
61,113,482
61,114,485
61,115,485
61,116,488
61,117,485
61,118,487
61,119,486
61,120,486
61,121,484
61,122,481
61,123,479
61,124,487
61,125,485
61,126,487
61,127,486
62,0,424
62,1,318
62,2,320
62,3,318
62,4,326
62,5,324
62,6,326
62,7,325
62,8,327
62,9,325
62,10,327
62,11,325
62,12,333
62,13,331
62,14,333
62,15,332
62,16,309
62,17,309
62,18,310
62,19,308
62,20,316
62,21,314
62,22,316
62,23,315
62,24,310
62,25,309
62,26,311
62,27,309
62,28,317
62,29,316
62,30,317
62,31,316
62,32,292
62,33,291
62,34,292
62,35,291
62,36,299
62,37,297
62,38,298
62,39,298
62,40,292
62,41,290
62,42,292
62,43,291
62,44,296
62,45,295
62,46,297
62,47,296
62,48,288
62,49,288
62,50,289
62,51,283
62,52,290
62,53,288
62,54,289
62,55,289
62,56,118
62,57,118
62,58,118
62,59,118
62,60,125
62,61,123
62,62,-1
62,63,123
62,64,462
62,65,461
62,66,462
62,67,460
62,68,466
62,69,463
62,70,466
62,71,468
62,72,462
62,73,461
62,74,462
62,75,459
62,76,468
62,77,464
62,78,466
62,79,468
62,80,470
62,81,469
62,82,471
62,83,468
62,84,475
62,85,473
62,86,480
62,87,481
62,88,477
62,89,477
62,90,478
62,91,476
62,92,484
62,93,482
62,94,484
62,95,484
62,96,476
62,97,476
62,98,477
62,99,475
62,100,483
62,101,481
62,102,481
62,103,479
62,104,475
62,105,475
62,106,478
62,107,473
62,108,481
62,109,479
62,110,484
62,111,484
62,112,485
62,113,485
62,114,486
62,115,484
62,116,492
62,117,490
62,118,492
62,119,492
62,120,485
62,121,485
62,122,486
62,123,484
62,124,492
62,125,490
62,126,492
62,127,492
63,0,326
63,1,325
63,2,326
63,3,324
63,4,332
63,5,331
63,6,332
63,7,332
63,8,333
63,9,332
63,10,334
63,11,332
63,12,340
63,13,338
63,14,340
63,15,339
63,16,316
63,17,315
63,18,317
63,19,315
63,20,323
63,21,321
63,22,323
63,23,322
63,24,317
63,25,317
63,26,318
63,27,316
63,28,324
63,29,323
63,30,324
63,31,323
63,32,299
63,33,298
63,34,299
63,35,297
63,36,305
63,37,304
63,38,305
63,39,305
63,40,299
63,41,298
63,42,299
63,43,297
63,44,304
63,45,302
63,46,304
63,47,303
63,48,297
63,49,295
63,50,296
63,51,295
63,52,303
63,53,301
63,54,302
63,55,302
63,56,118
63,57,118
63,58,118
63,59,118
63,60,123
63,61,123
63,62,123
63,63,-1
63,64,469
63,65,468
63,66,467
63,67,467
63,68,473
63,69,470
63,70,472
63,71,475
63,72,468
63,73,468
63,74,469
63,75,465
63,76,472
63,77,470
63,78,473
63,79,475
63,80,477
63,81,476
63,82,478
63,83,475
63,84,484
63,85,482
63,86,484
63,87,483
63,88,478
63,89,477
63,90,477
63,91,476
63,92,485
63,93,483
63,94,485
63,95,484
63,96,477
63,97,475
63,98,477
63,99,476
63,100,484
63,101,482
63,102,483
63,103,481
63,104,482
63,105,481
63,106,482
63,107,480
63,108,488
63,109,489
63,110,492
63,111,491
63,112,487
63,113,484
63,114,481
63,115,479
63,116,487
63,117,485
63,118,487
63,119,486
63,120,480
63,121,479
63,122,481
63,123,479
63,124,487
63,125,485
63,126,487
63,127,486
64,0,477
64,1,465
64,2,453
64,3,450
64,4,459
64,5,457
64,6,459
64,7,458
64,8,459
64,9,459
64,10,460
64,11,458
64,12,466
64,13,465
64,14,466
64,15,466
64,16,466
64,17,465
64,18,461
64,19,458
64,20,466
64,21,465
64,22,467
64,23,467
64,24,461
64,25,460
64,26,461
64,27,460
64,28,469
64,29,467
64,30,468
64,31,466
64,32,440
64,33,439
64,34,441
64,35,439
64,36,447
64,37,445
64,38,447
64,39,446
64,40,440
64,41,439
64,42,441
64,43,439
64,44,445
64,45,443
64,46,445
64,47,444
64,48,456
64,49,455
64,50,457
64,51,455
64,52,463
64,53,461
64,54,463
64,55,462
64,56,457
64,57,456
64,58,458
64,59,456
64,60,466
64,61,465
64,62,464
64,63,463
64,64,-1
64,65,113
64,66,113
64,67,112
64,68,118
64,69,118
64,70,118
64,71,118
64,72,275
64,73,274
64,74,275
64,75,273
64,76,282
64,77,280
64,78,282
64,79,281
64,80,284
64,81,283
64,82,284
64,83,282
64,84,290
64,85,289
64,86,291
64,87,290
64,88,285
64,89,284
64,90,285
64,91,284
64,92,292
64,93,290
64,94,292
64,95,291
64,96,303
64,97,301
64,98,302
64,99,300
64,100,308
64,101,306
64,102,308
64,103,308
64,104,303
64,105,302
64,106,303
64,107,301
64,108,309
64,109,308
64,110,310
64,111,309
64,112,311
64,113,310
64,114,311
64,115,309
64,116,318
64,117,316
64,118,317
64,119,317
64,120,311
64,121,310
64,122,311
64,123,309
64,124,318
64,125,316
64,126,318
64,127,317
65,0,459
65,1,458
65,2,459
65,3,458
65,4,465
65,5,464
65,6,466
65,7,465
65,8,454
65,9,453
65,10,454
65,11,452
65,12,461
65,13,459
65,14,461
65,15,460
65,16,459
65,17,459
65,18,460
65,19,458
65,20,466
65,21,464
65,22,466
65,23,466
65,24,461
65,25,460
65,26,461
65,27,459
65,28,468
65,29,467
65,30,468
65,31,467
65,32,441
65,33,440
65,34,441
65,35,440
65,36,448
65,37,446
65,38,448
65,39,447
65,40,441
65,41,440
65,42,441
65,43,440
65,44,446
65,45,444
65,46,446
65,47,445
65,48,451
65,49,450
65,50,453
65,51,450
65,52,461
65,53,459
65,54,460
65,55,457
65,56,458
65,57,457
65,58,458
65,59,457
65,60,465
65,61,463
65,62,465
65,63,464
65,64,113
65,65,-1
65,66,113
65,67,112
65,68,118
65,69,118
65,70,118
65,71,118
65,72,275
65,73,275
65,74,276
65,75,274
65,76,282
65,77,280
65,78,282
65,79,281
65,80,284
65,81,284
65,82,285
65,83,283
65,84,291
65,85,289
65,86,292
65,87,290
65,88,286
65,89,285
65,90,286
65,91,284
65,92,292
65,93,291
65,94,293
65,95,292
65,96,304
65,97,301
65,98,303
65,99,301
65,100,309
65,101,307
65,102,309
65,103,308
65,104,303
65,105,302
65,106,304
65,107,302
65,108,310
65,109,309
65,110,310
65,111,309
65,112,311
65,113,310
65,114,312
65,115,310
65,116,318
65,117,316
65,118,318
65,119,317
65,120,311
65,121,311
65,122,312
65,123,310
65,124,318
65,125,316
65,126,318
65,127,317
66,0,458
66,1,458
66,2,458
66,3,456
66,4,464
66,5,462
66,6,464
66,7,463
66,8,459
66,9,458
66,10,459
66,11,457
66,12,465
66,13,464
66,14,465
66,15,465
66,16,458
66,17,457
66,18,459
66,19,457
66,20,465
66,21,463
66,22,465
66,23,464
66,24,460
66,25,459
66,26,460
66,27,458
66,28,466
66,29,465
66,30,467
66,31,467
66,32,453
66,33,439
66,34,440
66,35,438
66,36,446
66,37,445
66,38,447
66,39,446
66,40,440
66,41,439
66,42,440
66,43,438
66,44,445
66,45,443
66,46,445
66,47,444
66,48,455
66,49,455
66,50,456
66,51,457
66,52,466
66,53,457
66,54,459
66,55,458
66,56,458
66,57,457
66,58,457
66,59,458
66,60,467
66,61,464
66,62,464
66,63,463
66,64,112
66,65,112
66,66,-1
66,67,112
66,68,118
66,69,118
66,70,118
66,71,118
66,72,274
66,73,273
66,74,275
66,75,273
66,76,281
66,77,280
66,78,281
66,79,280
66,80,283
66,81,282
66,82,284
66,83,282
66,84,290
66,85,289
66,86,290
66,87,289
66,88,285
66,89,284
66,90,285
66,91,283
66,92,292
66,93,290
66,94,291
66,95,291
66,96,303
66,97,300
66,98,301
66,99,300
66,100,308
66,101,306
66,102,308
66,103,307
66,104,302
66,105,301
66,106,303
66,107,301
66,108,309
66,109,307
66,110,309
66,111,308
66,112,310
66,113,309
66,114,311
66,115,309
66,116,317
66,117,316
66,118,317
66,119,316
66,120,310
66,121,309
66,122,311
66,123,309
66,124,317
66,125,316
66,126,317
66,127,316
67,0,459
67,1,459
67,2,460
67,3,458
67,4,466
67,5,464
67,6,466
67,7,466
67,8,455
67,9,454
67,10,455
67,11,453
67,12,461
67,13,459
67,14,461
67,15,461
67,16,461
67,17,461
67,18,462
67,19,459
67,20,467
67,21,465
67,22,468
67,23,468
67,24,463
67,25,461
67,26,463
67,27,460
67,28,470
67,29,468
67,30,470
67,31,468
67,32,442
67,33,441
67,34,442
67,35,440
67,36,448
67,37,447
67,38,448
67,39,448
67,40,441
67,41,441
67,42,442
67,43,440
67,44,446
67,45,445
67,46,446
67,47,446
67,48,457
67,49,456
67,50,458
67,51,456
67,52,464
67,53,462
67,54,464
67,55,463
67,56,458
67,57,458
67,58,459
67,59,459
67,60,466
67,61,465
67,62,469
67,63,465
67,64,113
67,65,113
67,66,113
67,67,-1
67,68,118
67,69,118
67,70,118
67,71,118
67,72,282
67,73,281
67,74,283
67,75,281
67,76,289
67,77,287
67,78,289
67,79,288
67,80,285
67,81,284
67,82,285
67,83,284
67,84,292
67,85,290
67,86,292
67,87,291
67,88,286
67,89,285
67,90,287
67,91,285
67,92,293
67,93,292
67,94,293
67,95,292
67,96,303
67,97,302
67,98,303
67,99,301
67,100,309
67,101,308
67,102,314
67,103,314
67,104,304
67,105,303
67,106,304
67,107,303
67,108,310
67,109,309
67,110,311
67,111,310
67,112,312
67,113,311
67,114,312
67,115,310
67,116,319
67,117,317
67,118,319
67,119,318
67,120,312
67,121,311
67,122,312
67,123,311
67,124,319
67,125,317
67,126,319
67,127,318
68,0,464
68,1,464
68,2,465
68,3,462
68,4,470
68,5,469
68,6,470
68,7,470
68,8,459
68,9,459
68,10,460
68,11,458
68,12,466
68,13,464
68,14,466
68,15,465
68,16,465
68,17,464
68,18,467
68,19,465
68,20,473
68,21,470
68,22,472
68,23,471
68,24,466
68,25,465
68,26,466
68,27,466
68,28,475
68,29,473
68,30,474
68,31,472
68,32,446
68,33,445
68,34,447
68,35,445
68,36,453
68,37,451
68,38,453
68,39,452
68,40,446
68,41,445
68,42,447
68,43,445
68,44,451
68,45,449
68,46,451
68,47,450
68,48,462
68,49,463
68,50,463
68,51,460
68,52,469
68,53,462
68,54,465
68,55,466
68,56,467
68,57,463
68,58,467
68,59,464
68,60,473
68,61,472
68,62,473
68,63,469
68,64,118
68,65,118
68,66,118
68,67,117
68,68,-1
68,69,123
68,70,123
68,71,126
68,72,287
68,73,286
68,74,287
68,75,285
68,76,293
68,77,292
68,78,293
68,79,293
68,80,290
68,81,289
68,82,290
68,83,289
68,84,297
68,85,295
68,86,296
68,87,295
68,88,291
68,89,290
68,90,292
68,91,290
68,92,298
68,93,296
68,94,298
68,95,297
68,96,310
68,97,306
68,98,308
68,99,306
68,100,314
68,101,312
68,102,314
68,103,313
68,104,309
68,105,307
68,106,309
68,107,307
68,108,315
68,109,313
68,110,315
68,111,314
68,112,316
68,113,315
68,114,317
68,115,315
68,116,323
68,117,322
68,118,323
68,119,322
68,120,323
68,121,322
68,122,324
68,123,321
68,124,329
68,125,328
68,126,329
68,127,329
69,0,460
69,1,460
69,2,464
69,3,465
69,4,473
69,5,471
69,6,472
69,7,471
69,8,461
69,9,460
69,10,461
69,11,459
69,12,467
69,13,466
69,14,467
69,15,467
69,16,467
69,17,466
69,18,467
69,19,466
69,20,474
69,21,473
69,22,474
69,23,472
69,24,468
69,25,468
69,26,469
69,27,468
69,28,476
69,29,474
69,30,476
69,31,474
69,32,448
69,33,447
69,34,448
69,35,446
69,36,455
69,37,453
69,38,455
69,39,454
69,40,448
69,41,447
69,42,448
69,43,447
69,44,453
69,45,451
69,46,453
69,47,452
69,48,464
69,49,466
69,50,466
69,51,464
69,52,471
69,53,470
69,54,468
69,55,463
69,56,461
69,57,462
69,58,463
69,59,461
69,60,465
69,61,464
69,62,466
69,63,465
69,64,118
69,65,118
69,66,118
69,67,118
69,68,123
69,69,-1
69,70,123
69,71,126
69,72,288
69,73,287
69,74,286
69,75,281
69,76,289
69,77,288
69,78,289
69,79,288
69,80,291
69,81,291
69,82,292
69,83,290
69,84,298
69,85,297
69,86,298
69,87,297
69,88,293
69,89,292
69,90,293
69,91,292
69,92,300
69,93,298
69,94,299
69,95,299
69,96,315
69,97,311
69,98,309
69,99,308
69,100,316
69,101,314
69,102,316
69,103,315
69,104,310
69,105,309
69,106,311
69,107,309
69,108,317
69,109,315
69,110,317
69,111,316
69,112,318
69,113,317
69,114,319
69,115,317
69,116,325
69,117,324
69,118,325
69,119,324
69,120,324
69,121,324
69,122,325
69,123,323
69,124,327
69,125,324
69,126,325
69,127,324
70,0,459
70,1,459
70,2,462
70,3,463
70,4,471
70,5,470
70,6,472
70,7,471
70,8,460
70,9,459
70,10,460
70,11,458
70,12,467
70,13,465
70,14,467
70,15,466
70,16,467
70,17,466
70,18,467
70,19,465
70,20,473
70,21,472
70,22,474
70,23,473
70,24,468
70,25,467
70,26,468
70,27,467
70,28,475
70,29,474
70,30,475
70,31,473
70,32,447
70,33,447
70,34,448
70,35,446
70,36,454
70,37,452
70,38,454
70,39,453
70,40,447
70,41,446
70,42,448
70,43,446
70,44,452
70,45,450
70,46,452
70,47,451
70,48,460
70,49,463
70,50,466
70,51,464
70,52,469
70,53,468
70,54,469
70,55,469
70,56,464
70,57,465
70,58,468
70,59,465
70,60,474
70,61,472
70,62,474
70,63,472
70,64,118
70,65,118
70,66,118
70,67,118
70,68,125
70,69,123
70,70,-1
70,71,123
70,72,282
70,73,280
70,74,282
70,75,280
70,76,288
70,77,286
70,78,288
70,79,288
70,80,297
70,81,296
70,82,297
70,83,296
70,84,303
70,85,302
70,86,304
70,87,303
70,88,292
70,89,291
70,90,292
70,91,291
70,92,299
70,93,297
70,94,299
70,95,298
70,96,319
70,97,307
70,98,309
70,99,307
70,100,315
70,101,313
70,102,315
70,103,314
70,104,310
70,105,309
70,106,310
70,107,308
70,108,316
70,109,315
70,110,316
70,111,316
70,112,318
70,113,316
70,114,318
70,115,316
70,116,324
70,117,322
70,118,324
70,119,324
70,120,318
70,121,316
70,122,318
70,123,316
70,124,324
70,125,322
70,126,324
70,127,323
71,0,469
71,1,465
71,2,466
71,3,465
71,4,473
71,5,471
71,6,472
71,7,471
71,8,461
71,9,460
71,10,461
71,11,460
71,12,468
71,13,466
71,14,468
71,15,467
71,16,466
71,17,466
71,18,467
71,19,465
71,20,473
71,21,471
71,22,473
71,23,473
71,24,468
71,25,467
71,26,468
71,27,466
71,28,474
71,29,474
71,30,475
71,31,475
71,32,468
71,33,447
71,34,449
71,35,447
71,36,455
71,37,453
71,38,455
71,39,454
71,40,448
71,41,447
71,42,448
71,43,447
71,44,453
71,45,451
71,46,453
71,47,452
71,48,458
71,49,457
71,50,460
71,51,457
71,52,467
71,53,466
71,54,468
71,55,467
71,56,463
71,57,462
71,58,463
71,59,460
71,60,467
71,61,464
71,62,468
71,63,465
71,64,118
71,65,118
71,66,118
71,67,118
71,68,123
71,69,123
71,70,123
71,71,-1
71,72,282
71,73,282
71,74,283
71,75,280
71,76,288
71,77,287
71,78,289
71,79,288
71,80,292
71,81,291
71,82,292
71,83,290
71,84,298
71,85,297
71,86,298
71,87,297
71,88,299
71,89,298
71,90,299
71,91,297
71,92,305
71,93,304
71,94,306
71,95,305
71,96,309
71,97,308
71,98,309
71,99,308
71,100,316
71,101,314
71,102,316
71,103,315
71,104,311
71,105,309
71,106,310
71,107,309
71,108,317
71,109,315
71,110,317
71,111,316
71,112,319
71,113,317
71,114,319
71,115,316
71,116,325
71,117,323
71,118,325
71,119,324
71,120,319
71,121,317
71,122,319
71,123,316
71,124,324
71,125,323
71,126,325
71,127,324
72,0,458
72,1,458
72,2,459
72,3,457
72,4,465
72,5,463
72,6,465
72,7,465
72,8,453
72,9,453
72,10,454
72,11,452
72,12,460
72,13,458
72,14,460
72,15,459
72,16,459
72,17,458
72,18,459
72,19,458
72,20,466
72,21,464
72,22,466
72,23,466
72,24,462
72,25,461
72,26,462
72,27,459
72,28,468
72,29,467
72,30,468
72,31,466
72,32,440
72,33,439
72,34,441
72,35,439
72,36,447
72,37,445
72,38,447
72,39,446
72,40,440
72,41,439
72,42,441
72,43,439
72,44,445
72,45,444
72,46,445
72,47,444
72,48,450
72,49,449
72,50,452
72,51,449
72,52,456
72,53,455
72,54,459
72,55,460
72,56,461
72,57,457
72,58,461
72,59,460
72,60,467
72,61,462
72,62,464
72,63,463
72,64,275
72,65,274
72,66,275
72,67,273
72,68,282
72,69,280
72,70,282
72,71,281
72,72,-1
72,73,113
72,74,113
72,75,112
72,76,118
72,77,118
72,78,118
72,79,118
72,80,290
72,81,289
72,82,290
72,83,289
72,84,297
72,85,295
72,86,297
72,87,296
72,88,285
72,89,284
72,90,286
72,91,284
72,92,292
72,93,290
72,94,292
72,95,291
72,96,301
72,97,300
72,98,302
72,99,300
72,100,308
72,101,311
72,102,313
72,103,308
72,104,303
72,105,302
72,106,303
72,107,301
72,108,309
72,109,308
72,110,310
72,111,309
72,112,317
72,113,316
72,114,312
72,115,309
72,116,318
72,117,316
72,118,318
72,119,317
72,120,311
72,121,310
72,122,311
72,123,309
72,124,318
72,125,316
72,126,318
72,127,317
73,0,453
73,1,452
73,2,455
73,3,457
73,4,465
73,5,464
73,6,466
73,7,465
73,8,454
73,9,453
73,10,455
73,11,452
73,12,461
73,13,459
73,14,461
73,15,460
73,16,461
73,17,460
73,18,461
73,19,459
73,20,467
73,21,465
73,22,468
73,23,467
73,24,462
73,25,462
73,26,462
73,27,461
73,28,469
73,29,467
73,30,469
73,31,468
73,32,461
73,33,440
73,34,441
73,35,440
73,36,448
73,37,446
73,38,448
73,39,447
73,40,441
73,41,440
73,42,441
73,43,440
73,44,446
73,45,444
73,46,446
73,47,445
73,48,450
73,49,450
73,50,451
73,51,449
73,52,457
73,53,456
73,54,457
73,55,458
73,56,452
73,57,454
73,58,455
73,59,452
73,60,462
73,61,459
73,62,459
73,63,458
73,64,275
73,65,275
73,66,276
73,67,274
73,68,282
73,69,281
73,70,282
73,71,281
73,72,113
73,73,-1
73,74,113
73,75,112
73,76,118
73,77,118
73,78,118
73,79,118
73,80,284
73,81,284
73,82,285
73,83,283
73,84,291
73,85,289
73,86,292
73,87,290
73,88,286
73,89,285
73,90,286
73,91,285
73,92,293
73,93,291
73,94,292
73,95,292
73,96,317
73,97,314
73,98,304
73,99,301
73,100,309
73,101,307
73,102,309
73,103,308
73,104,309
73,105,309
73,106,310
73,107,308
73,108,316
73,109,314
73,110,316
73,111,316
73,112,311
73,113,310
73,114,312
73,115,310
73,116,318
73,117,316
73,118,318
73,119,317
73,120,311
73,121,310
73,122,312
73,123,310
73,124,318
73,125,316
73,126,318
73,127,317
74,0,458
74,1,458
74,2,458
74,3,456
74,4,464
74,5,462
74,6,464
74,7,463
74,8,453
74,9,452
74,10,453
74,11,451
74,12,459
74,13,458
74,14,460
74,15,459
74,16,460
74,17,459
74,18,461
74,19,457
74,20,465
74,21,463
74,22,465
74,23,466
74,24,461
74,25,461
74,26,461
74,27,459
74,28,467
74,29,466
74,30,468
74,31,468
74,32,457
74,33,439
74,34,440
74,35,439
74,36,447
74,37,445
74,38,447
74,39,446
74,40,440
74,41,439
74,42,440
74,43,439
74,44,445
74,45,443
74,46,445
74,47,444
74,48,449
74,49,449
74,50,450
74,51,448
74,52,456
74,53,454
74,54,456
74,55,455
74,56,451
74,57,450
74,58,451
74,59,449
74,60,460
74,61,460
74,62,459
74,63,457
74,64,274
74,65,273
74,66,275
74,67,273
74,68,281
74,69,280
74,70,281
74,71,280
74,72,112
74,73,112
74,74,-1
74,75,112
74,76,118
74,77,118
74,78,118
74,79,118
74,80,283
74,81,282
74,82,284
74,83,282
74,84,290
74,85,289
74,86,290
74,87,289
74,88,284
74,89,284
74,90,285
74,91,283
74,92,292
74,93,290
74,94,291
74,95,291
74,96,303
74,97,300
74,98,301
74,99,300
74,100,314
74,101,311
74,102,308
74,103,307
74,104,302
74,105,301
74,106,303
74,107,301
74,108,309
74,109,307
74,110,309
74,111,308
74,112,310
74,113,309
74,114,311
74,115,309
74,116,317
74,117,315
74,118,317
74,119,316
74,120,316
74,121,315
74,122,317
74,123,315
74,124,323
74,125,321
74,126,323
74,127,323
75,0,453
75,1,453
75,2,454
75,3,452
75,4,460
75,5,458
75,6,460
75,7,460
75,8,455
75,9,454
75,10,455
75,11,453
75,12,461
75,13,460
75,14,462
75,15,461
75,16,462
75,17,461
75,18,462
75,19,460
75,20,468
75,21,467
75,22,468
75,23,466
75,24,461
75,25,460
75,26,462
75,27,460
75,28,468
75,29,466
75,30,468
75,31,467
75,32,441
75,33,441
75,34,442
75,35,440
75,36,448
75,37,447
75,38,448
75,39,448
75,40,442
75,41,441
75,42,442
75,43,440
75,44,446
75,45,445
75,46,446
75,47,446
75,48,451
75,49,450
75,50,452
75,51,450
75,52,458
75,53,456
75,54,458
75,55,457
75,56,452
75,57,452
75,58,453
75,59,451
75,60,459
75,61,457
75,62,459
75,63,458
75,64,276
75,65,275
75,66,276
75,67,275
75,68,282
75,69,281
75,70,282
75,71,282
75,72,113
75,73,113
75,74,113
75,75,-1
75,76,118
75,77,118
75,78,118
75,79,118
75,80,285
75,81,284
75,82,286
75,83,284
75,84,292
75,85,290
75,86,292
75,87,291
75,88,286
75,89,285
75,90,287
75,91,285
75,92,293
75,93,292
75,94,293
75,95,292
75,96,302
75,97,302
75,98,303
75,99,301
75,100,309
75,101,308
75,102,309
75,103,309
75,104,304
75,105,303
75,106,304
75,107,303
75,108,311
75,109,309
75,110,311
75,111,310
75,112,312
75,113,317
75,114,318
75,115,316
75,116,324
75,117,323
75,118,325
75,119,324
75,120,318
75,121,317
75,122,318
75,123,317
75,124,324
75,125,323
75,126,325
75,127,324
76,0,470
76,1,470
76,2,470
76,3,469
76,4,477
76,5,476
76,6,477
76,7,476
76,8,465
76,9,464
76,10,466
76,11,464
76,12,472
76,13,471
76,14,472
76,15,472
76,16,471
76,17,471
76,18,473
76,19,470
76,20,479
76,21,477
76,22,478
76,23,477
76,24,472
76,25,471
76,26,473
76,27,471
76,28,481
76,29,477
76,30,480
76,31,479
76,32,452
76,33,451
76,34,453
76,35,451
76,36,459
76,37,457
76,38,459
76,39,458
76,40,452
76,41,452
76,42,453
76,43,451
76,44,457
76,45,455
76,46,457
76,47,457
76,48,465
76,49,465
76,50,466
76,51,461
76,52,469
76,53,467
76,54,469
76,55,471
76,56,467
76,57,466
76,58,467
76,59,466
76,60,474
76,61,472
76,62,474
76,63,473
76,64,384
76,65,285
76,66,287
76,67,285
76,68,293
76,69,292
76,70,293
76,71,293
76,72,118
76,73,118
76,74,118
76,75,117
76,76,-1
76,77,123
76,78,123
76,79,126
76,80,295
76,81,295
76,82,296
76,83,294
76,84,302
76,85,301
76,86,303
76,87,302
76,88,297
76,89,296
76,90,297
76,91,296
76,92,304
76,93,302
76,94,304
76,95,303
76,96,315
76,97,313
76,98,314
76,99,312
76,100,320
76,101,318
76,102,320
76,103,320
76,104,314
76,105,314
76,106,315
76,107,313
76,108,322
76,109,320
76,110,321
76,111,321
76,112,322
76,113,322
76,114,323
76,115,321
76,116,329
76,117,328
76,118,329
76,119,329
76,120,323
76,121,321
76,122,324
76,123,321
76,124,329
76,125,328
76,126,329
76,127,328
77,0,468
77,1,466
77,2,466
77,3,464
77,4,472
77,5,471
77,6,472
77,7,472
77,8,467
77,9,466
77,10,467
77,11,465
77,12,474
77,13,472
77,14,474
77,15,473
77,16,473
77,17,473
77,18,473
77,19,473
77,20,480
77,21,479
77,22,480
77,23,480
77,24,475
77,25,474
77,26,474
77,27,474
77,28,482
77,29,480
77,30,482
77,31,481
77,32,468
77,33,447
77,34,448
77,35,446
77,36,455
77,37,453
77,38,455
77,39,454
77,40,448
77,41,447
77,42,448
77,43,446
77,44,453
77,45,451
77,46,453
77,47,452
77,48,457
77,49,457
77,50,458
77,51,456
77,52,464
77,53,462
77,54,464
77,55,463
77,56,459
77,57,461
77,58,462
77,59,460
77,60,468
77,61,464
77,62,466
77,63,468
77,64,464
77,65,380
77,66,283
77,67,281
77,68,289
77,69,288
77,70,289
77,71,288
77,72,118
77,73,118
77,74,118
77,75,118
77,76,123
77,77,-1
77,78,123
77,79,126
77,80,291
77,81,290
77,82,292
77,83,290
77,84,298
77,85,297
77,86,298
77,87,297
77,88,292
77,89,292
77,90,293
77,91,292
77,92,300
77,93,298
77,94,299
77,95,299
77,96,319
77,97,318
77,98,309
77,99,308
77,100,316
77,101,314
77,102,316
77,103,318
77,104,310
77,105,309
77,106,311
77,107,309
77,108,317
77,109,315
77,110,317
77,111,316
77,112,319
77,113,317
77,114,319
77,115,317
77,116,325
77,117,324
77,118,325
77,119,324
77,120,318
77,121,317
77,122,319
77,123,317
77,124,325
77,125,324
77,126,325
77,127,324
78,0,465
78,1,465
78,2,465
78,3,463
78,4,471
78,5,470
78,6,471
78,7,471
78,8,460
78,9,459
78,10,460
78,11,458
78,12,467
78,13,465
78,14,467
78,15,466
78,16,466
78,17,465
78,18,466
78,19,464
78,20,473
78,21,471
78,22,472
78,23,472
78,24,467
78,25,466
78,26,468
78,27,466
78,28,474
78,29,472
78,30,474
78,31,473
78,32,447
78,33,447
78,34,448
78,35,446
78,36,454
78,37,452
78,38,454
78,39,453
78,40,447
78,41,447
78,42,448
78,43,446
78,44,452
78,45,450
78,46,452
78,47,451
78,48,457
78,49,456
78,50,458
78,51,456
78,52,463
78,53,462
78,54,463
78,55,466
78,56,468
78,57,467
78,58,468
78,59,463
78,60,474
78,61,473
78,62,475
78,63,470
78,64,282
78,65,280
78,66,282
78,67,280
78,68,288
78,69,286
78,70,288
78,71,288
78,72,118
78,73,118
78,74,118
78,75,118
78,76,125
78,77,123
78,78,-1
78,79,123
78,80,290
78,81,290
78,82,291
78,83,290
78,84,297
78,85,296
78,86,298
78,87,297
78,88,292
78,89,291
78,90,292
78,91,291
78,92,299
78,93,297
78,94,299
78,95,298
78,96,310
78,97,308
78,98,309
78,99,307
78,100,315
78,101,313
78,102,315
78,103,314
78,104,316
78,105,315
78,106,316
78,107,314
78,108,322
78,109,321
78,110,322
78,111,322
78,112,318
78,113,316
78,114,318
78,115,316
78,116,324
78,117,322
78,118,324
78,119,323
78,120,318
78,121,316
78,122,318
78,123,316
78,124,324
78,125,322
78,126,324
78,127,324
79,0,466
79,1,465
79,2,466
79,3,464
79,4,472
79,5,470
79,6,472
79,7,474
79,8,461
79,9,460
79,10,461
79,11,459
79,12,467
79,13,466
79,14,468
79,15,467
79,16,467
79,17,466
79,18,467
79,19,466
79,20,474
79,21,471
79,22,473
79,23,473
79,24,468
79,25,468
79,26,469
79,27,467
79,28,475
79,29,474
79,30,476
79,31,474
79,32,448
79,33,447
79,34,449
79,35,447
79,36,455
79,37,453
79,38,455
79,39,454
79,40,448
79,41,447
79,42,449
79,43,447
79,44,453
79,45,451
79,46,453
79,47,452
79,48,464
79,49,463
79,50,464
79,51,462
79,52,470
79,53,469
79,54,470
79,55,470
79,56,465
79,57,464
79,58,465
79,59,464
79,60,474
79,61,471
79,62,472
79,63,471
79,64,282
79,65,282
79,66,282
79,67,280
79,68,288
79,69,287
79,70,289
79,71,288
79,72,118
79,73,118
79,74,118
79,75,118
79,76,123
79,77,123
79,78,123
79,79,-1
79,80,297
79,81,297
79,82,298
79,83,296
79,84,304
79,85,302
79,86,305
79,87,304
79,88,292
79,89,292
79,90,293
79,91,291
79,92,299
79,93,298
79,94,300
79,95,299
79,96,314
79,97,314
79,98,309
79,99,308
79,100,316
79,101,314
79,102,316
79,103,315
79,104,310
79,105,309
79,106,311
79,107,309
79,108,317
79,109,315
79,110,317
79,111,316
79,112,324
79,113,324
79,114,319
79,115,316
79,116,325
79,117,323
79,118,325
79,119,324
79,120,324
79,121,324
79,122,325
79,123,323
79,124,331
79,125,329
79,126,326
79,127,324
80,0,487
80,1,487
80,2,487
80,3,473
80,4,479
80,5,477
80,6,479
80,7,480
80,8,468
80,9,468
80,10,469
80,11,467
80,12,475
80,13,474
80,14,474
80,15,474
80,16,474
80,17,473
80,18,475
80,19,473
80,20,481
80,21,479
80,22,481
80,23,480
80,24,476
80,25,475
80,26,476
80,27,474
80,28,482
80,29,481
80,30,482
80,31,482
80,32,455
80,33,455
80,34,457
80,35,455
80,36,463
80,37,462
80,38,463
80,39,457
80,40,450
80,41,450
80,42,451
80,43,449
80,44,456
80,45,454
80,46,455
80,47,455
80,48,460
80,49,459
80,50,462
80,51,460
80,52,468
80,53,466
80,54,468
80,55,467
80,56,463
80,57,462
80,58,462
80,59,460
80,60,468
80,61,467
80,62,468
80,63,467
80,64,284
80,65,283
80,66,284
80,67,283
80,68,290
80,69,289
80,70,291
80,71,290
80,72,284
80,73,283
80,74,284
80,75,283
80,76,290
80,77,289
80,78,291
80,79,290
80,80,-1
80,81,113
80,82,113
80,83,112
80,84,118
80,85,118
80,86,118
80,87,118
80,88,276
80,89,275
80,90,276
80,91,275
80,92,283
80,93,281
80,94,282
80,95,282
80,96,310
80,97,310
80,98,311
80,99,309
80,100,318
80,101,316
80,102,317
80,103,317
80,104,312
80,105,311
80,106,312
80,107,310
80,108,319
80,109,317
80,110,319
80,111,318
80,112,303
80,113,300
80,114,302
80,115,300
80,116,308
80,117,307
80,118,308
80,119,308
80,120,301
80,121,300
80,122,302
80,123,300
80,124,308
80,125,313
80,126,314
80,127,314
81,0,474
81,1,474
81,2,474
81,3,473
81,4,481
81,5,479
81,6,481
81,7,480
81,8,469
81,9,468
81,10,470
81,11,468
81,12,476
81,13,474
81,14,476
81,15,475
81,16,475
81,17,474
81,18,475
81,19,474
81,20,482
81,21,480
81,22,482
81,23,481
81,24,476
81,25,475
81,26,477
81,27,475
81,28,483
81,29,481
81,30,483
81,31,482
81,32,456
81,33,455
81,34,456
81,35,454
81,36,464
81,37,462
81,38,464
81,39,463
81,40,457
81,41,457
81,42,458
81,43,455
81,44,461
81,45,461
81,46,462
81,47,461
81,48,467
81,49,466
81,50,467
81,51,466
81,52,474
81,53,471
81,54,467
81,55,467
81,56,468
81,57,467
81,58,469
81,59,467
81,60,475
81,61,473
81,62,475
81,63,474
81,64,284
81,65,284
81,66,285
81,67,283
81,68,291
81,69,289
81,70,292
81,71,290
81,72,284
81,73,284
81,74,285
81,75,283
81,76,291
81,77,289
81,78,292
81,79,290
81,80,113
81,81,-1
81,82,113
81,83,112
81,84,118
81,85,118
81,86,118
81,87,118
81,88,277
81,89,276
81,90,277
81,91,275
81,92,284
81,93,282
81,94,284
81,95,283
81,96,311
81,97,311
81,98,318
81,99,314
81,100,318
81,101,316
81,102,318
81,103,317
81,104,312
81,105,312
81,106,313
81,107,311
81,108,319
81,109,318
81,110,319
81,111,318
81,112,302
81,113,301
81,114,302
81,115,301
81,116,309
81,117,307
81,118,308
81,119,308
81,120,302
81,121,301
81,122,302
81,123,301
81,124,309
81,125,307
81,126,308
81,127,308
82,0,480
82,1,475
82,2,467
82,3,465
82,4,474
82,5,472
82,6,474
82,7,472
82,8,461
82,9,460
82,10,461
82,11,459
82,12,468
82,13,466
82,14,468
82,15,468
82,16,468
82,17,467
82,18,468
82,19,466
82,20,475
82,21,473
82,22,475
82,23,474
82,24,469
82,25,468
82,26,470
82,27,468
82,28,476
82,29,474
82,30,476
82,31,475
82,32,450
82,33,449
82,34,450
82,35,449
82,36,457
82,37,454
82,38,455
82,39,455
82,40,448
82,41,447
82,42,449
82,43,449
82,44,455
82,45,452
82,46,453
82,47,452
82,48,459
82,49,460
82,50,460
82,51,460
82,52,468
82,53,467
82,54,468
82,55,468
82,56,469
82,57,468
82,58,469
82,59,466
82,60,474
82,61,474
82,62,476
82,63,475
82,64,381
82,65,282
82,66,284
82,67,282
82,68,290
82,69,289
82,70,290
82,71,289
82,72,283
82,73,282
82,74,284
82,75,282
82,76,290
82,77,289
82,78,290
82,79,289
82,80,112
82,81,112
82,82,-1
82,83,112
82,84,118
82,85,118
82,86,118
82,87,118
82,88,275
82,89,275
82,90,276
82,91,274
82,92,282
82,93,280
82,94,282
82,95,282
82,96,310
82,97,309
82,98,311
82,99,309
82,100,323
82,101,319
82,102,323
82,103,322
82,104,317
82,105,316
82,106,318
82,107,316
82,108,324
82,109,322
82,110,324
82,111,324
82,112,308
82,113,306
82,114,307
82,115,306
82,116,314
82,117,312
82,118,314
82,119,313
82,120,307
82,121,306
82,122,307
82,123,306
82,124,314
82,125,312
82,126,314
82,127,313
83,0,472
83,1,468
83,2,469
83,3,467
83,4,475
83,5,472
83,6,474
83,7,480
83,8,470
83,9,469
83,10,470
83,11,468
83,12,476
83,13,474
83,14,477
83,15,476
83,16,475
83,17,475
83,18,476
83,19,474
83,20,482
83,21,480
83,22,482
83,23,481
83,24,477
83,25,476
83,26,477
83,27,476
83,28,484
83,29,482
83,30,484
83,31,483
83,32,476
83,33,456
83,34,458
83,35,455
83,36,464
83,37,455
83,38,457
83,39,456
83,40,452
83,41,451
83,42,452
83,43,450
83,44,457
83,45,455
83,46,457
83,47,456
83,48,461
83,49,460
83,50,462
83,51,460
83,52,470
83,53,468
83,54,469
83,55,467
83,56,468
83,57,468
83,58,469
83,59,467
83,60,475
83,61,474
83,62,475
83,63,475
83,64,285
83,65,284
83,66,285
83,67,284
83,68,292
83,69,290
83,70,292
83,71,291
83,72,285
83,73,284
83,74,285
83,75,284
83,76,292
83,77,290
83,78,292
83,79,291
83,80,113
83,81,113
83,82,113
83,83,-1
83,84,118
83,85,118
83,86,118
83,87,118
83,88,277
83,89,276
83,90,278
83,91,276
83,92,284
83,93,282
83,94,284
83,95,283
83,96,311
83,97,311
83,98,312
83,99,310
83,100,319
83,101,316
83,102,319
83,103,318
83,104,313
83,105,312
83,106,313
83,107,311
83,108,319
83,109,318
83,110,319
83,111,319
83,112,302
83,113,302
83,114,303
83,115,301
83,116,309
83,117,308
83,118,309
83,119,309
83,120,302
83,121,302
83,122,303
83,123,301
83,124,309
83,125,308
83,126,309
83,127,309
84,0,473
84,1,472
84,2,474
84,3,472
84,4,480
84,5,477
84,6,479
84,7,478
84,8,468
84,9,467
84,10,469
84,11,466
84,12,474
84,13,472
84,14,475
84,15,474
84,16,474
84,17,473
84,18,475
84,19,473
84,20,481
84,21,479
84,22,481
84,23,480
84,24,475
84,25,475
84,26,476
84,27,474
84,28,482
84,29,480
84,30,482
84,31,481
84,32,455
84,33,454
84,34,455
84,35,453
84,36,461
84,37,460
84,38,461
84,39,461
84,40,456
84,41,454
84,42,455
84,43,453
84,44,459
84,45,458
84,46,460
84,47,461
84,48,467
84,49,467
84,50,467
84,51,465
84,52,473
84,53,472
84,54,475
84,55,473
84,56,473
84,57,473
84,58,474
84,59,472
84,60,481
84,61,479
84,62,480
84,63,479
84,64,290
84,65,289
84,66,290
84,67,288
84,68,297
84,69,295
84,70,296
84,71,295
84,72,290
84,73,288
84,74,290
84,75,289
84,76,297
84,77,295
84,78,296
84,79,295
84,80,118
84,81,118
84,82,118
84,83,117
84,84,-1
84,85,123
84,86,123
84,87,126
84,88,282
84,89,281
84,90,282
84,91,280
84,92,289
84,93,287
84,94,289
84,95,288
84,96,316
84,97,315
84,98,317
84,99,315
84,100,323
84,101,322
84,102,323
84,103,322
84,104,324
84,105,323
84,106,324
84,107,322
84,108,330
84,109,335
84,110,337
84,111,336
84,112,313
84,113,313
84,114,314
84,115,312
84,116,320
84,117,318
84,118,320
84,119,319
84,120,319
84,121,319
84,122,319
84,123,318
84,124,326
84,125,324
84,126,326
84,127,325
85,0,481
85,1,480
85,2,481
85,3,480
85,4,487
85,5,485
85,6,487
85,7,486
85,8,476
85,9,475
85,10,477
85,11,475
85,12,483
85,13,481
85,14,483
85,15,482
85,16,482
85,17,481
85,18,482
85,19,481
85,20,489
85,21,487
85,22,489
85,23,488
85,24,483
85,25,482
85,26,484
85,27,482
85,28,490
85,29,488
85,30,490
85,31,489
85,32,494
85,33,494
85,34,495
85,35,493
85,36,501
85,37,500
85,38,501
85,39,500
85,40,501
85,41,500
85,42,501
85,43,499
85,44,505
85,45,504
85,46,506
85,47,505
85,48,494
85,49,493
85,50,494
85,51,492
85,52,500
85,53,499
85,54,500
85,55,500
85,56,493
85,57,482
85,58,483
85,59,480
85,60,488
85,61,486
85,62,488
85,63,487
85,64,297
85,65,297
85,66,298
85,67,296
85,68,304
85,69,302
85,70,304
85,71,304
85,72,297
85,73,297
85,74,299
85,75,296
85,76,304
85,77,302
85,78,304
85,79,304
85,80,118
85,81,118
85,82,118
85,83,118
85,84,123
85,85,-1
85,86,123
85,87,126
85,88,283
85,89,282
85,90,285
85,91,282
85,92,290
85,93,288
85,94,290
85,95,290
85,96,324
85,97,323
85,98,325
85,99,323
85,100,331
85,101,329
85,102,331
85,103,330
85,104,325
85,105,325
85,106,326
85,107,324
85,108,332
85,109,330
85,110,332
85,111,331
85,112,315
85,113,314
85,114,316
85,115,314
85,116,322
85,117,320
85,118,322
85,119,321
85,120,315
85,121,314
85,122,316
85,123,314
85,124,322
85,125,320
85,126,322
85,127,321
86,0,481
86,1,480
86,2,481
86,3,479
86,4,486
86,5,485
86,6,487
86,7,486
86,8,475
86,9,475
86,10,476
86,11,474
86,12,482
86,13,480
86,14,482
86,15,475
86,16,475
86,17,474
86,18,476
86,19,474
86,20,482
86,21,480
86,22,482
86,23,481
86,24,476
86,25,476
86,26,483
86,27,481
86,28,489
86,29,487
86,30,489
86,31,489
86,32,464
86,33,463
86,34,464
86,35,462
86,36,465
86,37,462
86,38,464
86,39,462
86,40,455
86,41,455
86,42,457
86,43,455
86,44,462
86,45,459
86,46,460
86,47,460
86,48,472
86,49,473
86,50,474
86,51,472
86,52,480
86,53,479
86,54,482
86,55,486
86,56,482
86,57,480
86,58,482
86,59,480
86,60,487
86,61,485
86,62,487
86,63,486
86,64,297
86,65,296
86,66,297
86,67,296
86,68,304
86,69,302
86,70,303
86,71,303
86,72,297
86,73,296
86,74,291
86,75,290
86,76,297
86,77,295
86,78,298
86,79,297
86,80,118
86,81,118
86,82,118
86,83,118
86,84,125
86,85,123
86,86,-1
86,87,123
86,88,282
86,89,282
86,90,283
86,91,282
86,92,290
86,93,288
86,94,290
86,95,289
86,96,318
86,97,316
86,98,318
86,99,316
86,100,324
86,101,322
86,102,324
86,103,324
86,104,318
86,105,318
86,106,319
86,107,318
86,108,325
86,109,324
86,110,325
86,111,325
86,112,310
86,113,307
86,114,309
86,115,307
86,116,315
86,117,313
86,118,315
86,119,314
86,120,308
86,121,307
86,122,308
86,123,307
86,124,315
86,125,313
86,126,315
86,127,314
87,0,481
87,1,474
87,2,475
87,3,473
87,4,482
87,5,480
87,6,482
87,7,481
87,8,470
87,9,469
87,10,470
87,11,469
87,12,477
87,13,474
87,14,476
87,15,476
87,16,476
87,17,475
87,18,477
87,19,475
87,20,483
87,21,481
87,22,483
87,23,482
87,24,477
87,25,476
87,26,478
87,27,476
87,28,484
87,29,482
87,30,490
87,31,489
87,32,464
87,33,463
87,34,465
87,35,462
87,36,470
87,37,469
87,38,470
87,39,468
87,40,462
87,41,462
87,42,464
87,43,463
87,44,468
87,45,465
87,46,467
87,47,467
87,48,472
87,49,471
87,50,473
87,51,472
87,52,481
87,53,479
87,54,477
87,55,475
87,56,477
87,57,476
87,58,477
87,59,475
87,60,483
87,61,480
87,62,483
87,63,483
87,64,472
87,65,471
87,66,473
87,67,386
87,68,298
87,69,296
87,70,298
87,71,298
87,72,292
87,73,291
87,74,292
87,75,290
87,76,298
87,77,296
87,78,298
87,79,298
87,80,118
87,81,118
87,82,118
87,83,118
87,84,123
87,85,123
87,86,123
87,87,-1
87,88,284
87,89,283
87,90,285
87,91,282
87,92,290
87,93,289
87,94,290
87,95,289
87,96,318
87,97,317
87,98,319
87,99,316
87,100,325
87,101,329
87,102,331
87,103,331
87,104,325
87,105,324
87,106,326
87,107,324
87,108,332
87,109,331
87,110,332
87,111,331
87,112,315
87,113,314
87,114,315
87,115,314
87,116,322
87,117,320
87,118,322
87,119,321
87,120,315
87,121,314
87,122,315
87,123,314
87,124,322
87,125,320
87,126,322
87,127,321
88,0,469
88,1,469
88,2,469
88,3,467
88,4,475
88,5,474
88,6,475
88,7,474
88,8,463
88,9,462
88,10,463
88,11,461
88,12,469
88,13,468
88,14,469
88,15,469
88,16,469
88,17,469
88,18,470
88,19,468
88,20,476
88,21,475
88,22,476
88,23,476
88,24,471
88,25,470
88,26,471
88,27,470
88,28,478
88,29,476
88,30,478
88,31,477
88,32,482
88,33,481
88,34,474
88,35,450
88,36,458
88,37,455
88,38,457
88,39,456
88,40,451
88,41,450
88,42,452
88,43,449
88,44,455
88,45,453
88,46,455
88,47,454
88,48,460
88,49,459
88,50,460
88,51,458
88,52,467
88,53,467
88,54,469
88,55,469
88,56,464
88,57,464
88,58,464
88,59,462
88,60,470
88,61,469
88,62,471
88,63,471
88,64,382
88,65,284
88,66,286
88,67,284
88,68,292
88,69,290
88,70,292
88,71,291
88,72,285
88,73,284
88,74,285
88,75,284
88,76,292
88,77,290
88,78,292
88,79,292
88,80,276
88,81,275
88,82,276
88,83,275
88,84,282
88,85,281
88,86,282
88,87,282
88,88,-1
88,89,113
88,90,113
88,91,112
88,92,118
88,93,118
88,94,118
88,95,118
88,96,311
88,97,311
88,98,312
88,99,310
88,100,319
88,101,322
88,102,321
88,103,318
88,104,319
88,105,318
88,106,320
88,107,318
88,108,326
88,109,324
88,110,326
88,111,326
88,112,302
88,113,302
88,114,303
88,115,301
88,116,309
88,117,308
88,118,310
88,119,309
88,120,309
88,121,308
88,122,309
88,123,307
88,124,316
88,125,314
88,126,316
88,127,315
89,0,470
89,1,469
89,2,470
89,3,467
89,4,475
89,5,474
89,6,476
89,7,475
89,8,464
89,9,464
89,10,465
89,11,463
89,12,471
89,13,469
89,14,471
89,15,470
89,16,470
89,17,470
89,18,471
89,19,469
89,20,477
89,21,475
89,22,477
89,23,476
89,24,471
89,25,471
89,26,472
89,27,470
89,28,478
89,29,477
89,30,478
89,31,477
89,32,471
89,33,450
89,34,452
89,35,450
89,36,458
89,37,456
89,38,458
89,39,457
89,40,451
89,41,450
89,42,452
89,43,450
89,44,456
89,45,454
89,46,456
89,47,455
89,48,461
89,49,462
89,50,463
89,51,462
89,52,470
89,53,467
89,54,469
89,55,468
89,56,469
89,57,469
89,58,470
89,59,468
89,60,476
89,61,474
89,62,477
89,63,475
89,64,292
89,65,291
89,66,292
89,67,290
89,68,299
89,69,297
89,70,299
89,71,298
89,72,286
89,73,285
89,74,286
89,75,285
89,76,292
89,77,291
89,78,293
89,79,292
89,80,277
89,81,276
89,82,277
89,83,275
89,84,284
89,85,282
89,86,283
89,87,283
89,88,113
89,89,-1
89,90,113
89,91,112
89,92,118
89,93,118
89,94,118
89,95,118
89,96,312
89,97,312
89,98,313
89,99,311
89,100,319
89,101,318
89,102,319
89,103,319
89,104,314
89,105,313
89,106,314
89,107,312
89,108,321
89,109,319
89,110,320
89,111,320
89,112,303
89,113,302
89,114,304
89,115,302
89,116,310
89,117,308
89,118,310
89,119,309
89,120,303
89,121,302
89,122,304
89,123,302
89,124,310
89,125,308
89,126,310
89,127,309
90,0,467
90,1,468
90,2,468
90,3,467
90,4,475
90,5,473
90,6,474
90,7,473
90,8,463
90,9,462
90,10,464
90,11,462
90,12,470
90,13,468
90,14,470
90,15,469
90,16,469
90,17,468
90,18,470
90,19,468
90,20,476
90,21,474
90,22,476
90,23,475
90,24,476
90,25,476
90,26,477
90,27,475
90,28,483
90,29,481
90,30,484
90,31,482
90,32,451
90,33,450
90,34,452
90,35,450
90,36,458
90,37,456
90,38,458
90,39,457
90,40,457
90,41,456
90,42,456
90,43,455
90,44,462
90,45,461
90,46,462
90,47,462
90,48,461
90,49,460
90,50,461
90,51,460
90,52,468
90,53,468
90,54,468
90,55,468
90,56,464
90,57,463
90,58,464
90,59,462
90,60,469
90,61,467
90,62,470
90,63,468
90,64,291
90,65,290
90,66,291
90,67,289
90,68,297
90,69,296
90,70,297
90,71,297
90,72,285
90,73,284
90,74,285
90,75,283
90,76,292
90,77,290
90,78,291
90,79,291
90,80,275
90,81,275
90,82,276
90,83,274
90,84,282
90,85,280
90,86,282
90,87,282
90,88,112
90,89,112
90,90,-1
90,91,112
90,92,118
90,93,118
90,94,118
90,95,118
90,96,311
90,97,310
90,98,312
90,99,310
90,100,318
90,101,316
90,102,318
90,103,317
90,104,313
90,105,312
90,106,313
90,107,311
90,108,319
90,109,317
90,110,319
90,111,318
90,112,302
90,113,301
90,114,302
90,115,301
90,116,308
90,117,307
90,118,309
90,119,308
90,120,302
90,121,301
90,122,302
90,123,301
90,124,309
90,125,307
90,126,309
90,127,308
91,0,470
91,1,469
91,2,470
91,3,468
91,4,477
91,5,475
91,6,477
91,7,476
91,8,465
91,9,464
91,10,465
91,11,463
91,12,471
91,13,470
91,14,472
91,15,471
91,16,471
91,17,470
91,18,471
91,19,470
91,20,477
91,21,476
91,22,478
91,23,477
91,24,472
91,25,471
91,26,473
91,27,471
91,28,479
91,29,477
91,30,479
91,31,478
91,32,453
91,33,452
91,34,452
91,35,450
91,36,460
91,37,457
91,38,459
91,39,459
91,40,453
91,41,452
91,42,453
91,43,452
91,44,458
91,45,456
91,46,458
91,47,457
91,48,462
91,49,461
91,50,463
91,51,461
91,52,469
91,53,468
91,54,469
91,55,469
91,56,471
91,57,471
91,58,472
91,59,469
91,60,477
91,61,475
91,62,477
91,63,476
91,64,286
91,65,285
91,66,287
91,67,285
91,68,293
91,69,292
91,70,294
91,71,292
91,72,286
91,73,285
91,74,287
91,75,285
91,76,293
91,77,292
91,78,293
91,79,292
91,80,277
91,81,276
91,82,278
91,83,276
91,84,284
91,85,282
91,86,284
91,87,283
91,88,113
91,89,113
91,90,113
91,91,-1
91,92,118
91,93,118
91,94,118
91,95,118
91,96,319
91,97,317
91,98,313
91,99,312
91,100,319
91,101,318
91,102,320
91,103,319
91,104,314
91,105,313
91,106,315
91,107,313
91,108,321
91,109,319
91,110,321
91,111,320
91,112,304
91,113,303
91,114,304
91,115,302
91,116,310
91,117,309
91,118,311
91,119,310
91,120,310
91,121,309
91,122,311
91,123,309
91,124,317
91,125,315
91,126,317
91,127,316
92,0,475
92,1,474
92,2,475
92,3,473
92,4,481
92,5,479
92,6,480
92,7,479
92,8,469
92,9,468
92,10,470
92,11,467
92,12,475
92,13,473
92,14,476
92,15,476
92,16,476
92,17,474
92,18,476
92,19,474
92,20,482
92,21,480
92,22,482
92,23,481
92,24,477
92,25,476
92,26,477
92,27,475
92,28,483
92,29,482
92,30,484
92,31,483
92,32,458
92,33,456
92,34,456
92,35,454
92,36,463
92,37,461
92,38,464
92,39,464
92,40,458
92,41,456
92,42,456
92,43,456
92,44,461
92,45,460
92,46,463
92,47,462
92,48,473
92,49,473
92,50,474
92,51,472
92,52,480
92,53,478
92,54,480
92,55,479
92,56,475
92,57,474
92,58,475
92,59,473
92,60,483
92,61,482
92,62,483
92,63,481
92,64,291
92,65,290
92,66,292
92,67,290
92,68,298
92,69,296
92,70,298
92,71,297
92,72,291
92,73,290
92,74,292
92,75,290
92,76,298
92,77,296
92,78,298
92,79,297
92,80,282
92,81,282
92,82,282
92,83,280
92,84,289
92,85,287
92,86,289
92,87,288
92,88,118
92,89,118
92,90,118
92,91,117
92,92,-1
92,93,123
92,94,123
92,95,126
92,96,323
92,97,319
92,98,318
92,99,316
92,100,324
92,101,323
92,102,324
92,103,323
92,104,319
92,105,318
92,106,318
92,107,317
92,108,326
92,109,323
92,110,326
92,111,325
92,112,309
92,113,308
92,114,309
92,115,307
92,116,315
92,117,313
92,118,315
92,119,314
92,120,309
92,121,308
92,122,309
92,123,307
92,124,315
92,125,313
92,126,315
92,127,314
93,0,489
93,1,478
93,2,476
93,3,474
93,4,482
93,5,480
93,6,482
93,7,481
93,8,471
93,9,471
93,10,472
93,11,469
93,12,477
93,13,475
93,14,477
93,15,476
93,16,477
93,17,476
93,18,478
93,19,476
93,20,484
93,21,482
93,22,484
93,23,483
93,24,478
93,25,478
93,26,479
93,27,477
93,28,485
93,29,483
93,30,485
93,31,484
93,32,466
93,33,465
93,34,466
93,35,464
93,36,471
93,37,469
93,38,470
93,39,470
93,40,459
93,41,458
93,42,460
93,43,458
93,44,464
93,45,463
93,46,464
93,47,464
93,48,469
93,49,468
93,50,469
93,51,468
93,52,476
93,53,474
93,54,476
93,55,475
93,56,470
93,57,471
93,58,472
93,59,470
93,60,478
93,61,475
93,62,477
93,63,476
93,64,293
93,65,292
93,66,293
93,67,292
93,68,300
93,69,298
93,70,299
93,71,299
93,72,292
93,73,292
93,74,293
93,75,292
93,76,300
93,77,298
93,78,299
93,79,299
93,80,283
93,81,283
93,82,284
93,83,282
93,84,290
93,85,289
93,86,290
93,87,289
93,88,118
93,89,118
93,90,118
93,91,118
93,92,123
93,93,-1
93,94,123
93,95,126
93,96,319
93,97,318
93,98,320
93,99,318
93,100,330
93,101,325
93,102,326
93,103,325
93,104,320
93,105,320
93,106,321
93,107,319
93,108,327
93,109,326
93,110,327
93,111,326
93,112,310
93,113,309
93,114,311
93,115,309
93,116,317
93,117,315
93,118,317
93,119,316
93,120,310
93,121,309
93,122,311
93,123,309
93,124,317
93,125,315
93,126,317
93,127,316
94,0,469
94,1,469
94,2,472
94,3,474
94,4,482
94,5,480
94,6,482
94,7,481
94,8,471
94,9,470
94,10,471
94,11,469
94,12,477
94,13,475
94,14,476
94,15,476
94,16,476
94,17,476
94,18,477
94,19,475
94,20,483
94,21,481
94,22,483
94,23,483
94,24,484
94,25,483
94,26,484
94,27,482
94,28,490
94,29,489
94,30,490
94,31,485
94,32,459
94,33,458
94,34,459
94,35,457
94,36,463
94,37,463
94,38,464
94,39,463
94,40,459
94,41,458
94,42,459
94,43,457
94,44,462
94,45,461
94,46,464
94,47,463
94,48,468
94,49,467
94,50,468
94,51,467
94,52,475
94,53,473
94,54,475
94,55,474
94,56,469
94,57,468
94,58,470
94,59,468
94,60,476
94,61,475
94,62,477
94,63,476
94,64,292
94,65,291
94,66,292
94,67,291
94,68,299
94,69,297
94,70,299
94,71,298
94,72,292
94,73,291
94,74,292
94,75,291
94,76,299
94,77,297
94,78,299
94,79,298
94,80,284
94,81,282
94,82,284
94,83,282
94,84,290
94,85,288
94,86,289
94,87,289
94,88,118
94,89,118
94,90,118
94,91,118
94,92,125
94,93,123
94,94,-1
94,95,123
94,96,319
94,97,317
94,98,319
94,99,318
94,100,326
94,101,324
94,102,325
94,103,329
94,104,319
94,105,319
94,106,321
94,107,319
94,108,327
94,109,325
94,110,327
94,111,326
94,112,311
94,113,308
94,114,310
94,115,308
94,116,316
94,117,314
94,118,316
94,119,316
94,120,309
94,121,309
94,122,310
94,123,308
94,124,322
94,125,321
94,126,322
94,127,322
95,0,484
95,1,476
95,2,476
95,3,474
95,4,482
95,5,481
95,6,483
95,7,482
95,8,471
95,9,471
95,10,472
95,11,470
95,12,478
95,13,476
95,14,478
95,15,477
95,16,477
95,17,476
95,18,478
95,19,476
95,20,484
95,21,482
95,22,484
95,23,483
95,24,478
95,25,478
95,26,479
95,27,477
95,28,485
95,29,483
95,30,485
95,31,485
95,32,459
95,33,459
95,34,458
95,35,456
95,36,465
95,37,464
95,38,466
95,39,465
95,40,459
95,41,459
95,42,460
95,43,458
95,44,464
95,45,462
95,46,464
95,47,464
95,48,469
95,49,468
95,50,469
95,51,468
95,52,476
95,53,474
95,54,476
95,55,475
95,56,476
95,57,475
95,58,477
95,59,475
95,60,483
95,61,481
95,62,483
95,63,483
95,64,293
95,65,292
95,66,293
95,67,291
95,68,299
95,69,298
95,70,300
95,71,299
95,72,293
95,73,292
95,74,293
95,75,291
95,76,299
95,77,298
95,78,300
95,79,299
95,80,284
95,81,283
95,82,284
95,83,282
95,84,290
95,85,288
95,86,290
95,87,290
95,88,118
95,89,118
95,90,118
95,91,118
95,92,123
95,93,123
95,94,123
95,95,-1
95,96,319
95,97,319
95,98,320
95,99,318
95,100,326
95,101,324
95,102,329
95,103,326
95,104,321
95,105,320
95,106,321
95,107,319
95,108,327
95,109,326
95,110,327
95,111,326
95,112,321
95,113,311
95,114,310
95,115,309
95,116,317
95,117,315
95,118,317
95,119,316
95,120,311
95,121,309
95,122,310
95,123,309
95,124,317
95,125,315
95,126,317
95,127,316
96,0,486
96,1,485
96,2,485
96,3,479
96,4,487
96,5,461
96,6,456
96,7,457
96,8,450
96,9,445
96,10,444
96,11,442
96,12,453
96,13,455
96,14,454
96,15,456
96,16,451
96,17,453
96,18,457
96,19,456
96,20,463
96,21,462
96,22,462
96,23,458
96,24,452
96,25,451
96,26,452
96,27,452
96,28,466
96,29,458
96,30,459
96,31,457
96,32,449
96,33,448
96,34,453
96,35,448
96,36,456
96,37,454
96,38,456
96,39,455
96,40,449
96,41,454
96,42,451
96,43,447
96,44,454
96,45,452
96,46,454
96,47,455
96,48,464
96,49,457
96,50,459
96,51,457
96,52,468
96,53,467
96,54,469
96,55,465
96,56,466
96,57,461
96,58,460
96,59,458
96,60,468
96,61,465
96,62,466
96,63,468
96,64,472
96,65,471
96,66,392
96,67,304
96,68,314
96,69,307
96,70,308
96,71,308
96,72,301
96,73,301
96,74,302
96,75,300
96,76,308
96,77,311
96,78,314
96,79,307
96,80,310
96,81,310
96,82,311
96,83,309
96,84,317
96,85,316
96,86,319
96,87,318
96,88,312
96,89,311
96,90,312
96,91,310
96,92,319
96,93,317
96,94,318
96,95,318
96,96,-1
96,97,113
96,98,113
96,99,112
96,100,118
96,101,118
96,102,118
96,103,118
96,104,285
96,105,281
96,106,282
96,107,281
96,108,289
96,109,287
96,110,289
96,111,288
96,112,290
96,113,283
96,114,284
96,115,283
96,116,290
96,117,289
96,118,291
96,119,290
96,120,284
96,121,283
96,122,287
96,123,287
96,124,290
96,125,289
96,126,291
96,127,290
97,0,449
97,1,449
97,2,450
97,3,452
97,4,456
97,5,454
97,6,456
97,7,456
97,8,445
97,9,445
97,10,451
97,11,443
97,12,451
97,13,450
97,14,452
97,15,451
97,16,454
97,17,454
97,18,451
97,19,449
97,20,457
97,21,457
97,22,459
97,23,464
97,24,454
97,25,452
97,26,454
97,27,452
97,28,461
97,29,459
97,30,460
97,31,460
97,32,472
97,33,453
97,34,450
97,35,448
97,36,462
97,37,457
97,38,456
97,39,456
97,40,449
97,41,449
97,42,450
97,43,448
97,44,455
97,45,453
97,46,455
97,47,454
97,48,459
97,49,458
97,50,462
97,51,464
97,52,469
97,53,465
97,54,466
97,55,465
97,56,462
97,57,463
97,58,461
97,59,462
97,60,469
97,61,468
97,62,474
97,63,472
97,64,411
97,65,301
97,66,303
97,67,301
97,68,309
97,69,307
97,70,310
97,71,314
97,72,305
97,73,301
97,74,302
97,75,301
97,76,309
97,77,307
97,78,309
97,79,308
97,80,313
97,81,316
97,82,313
97,83,310
97,84,318
97,85,316
97,86,318
97,87,317
97,88,312
97,89,312
97,90,318
97,91,316
97,92,319
97,93,318
97,94,319
97,95,318
97,96,113
97,97,-1
97,98,113
97,99,112
97,100,118
97,101,118
97,102,118
97,103,118
97,104,283
97,105,287
97,106,289
97,107,282
97,108,290
97,109,288
97,110,289
97,111,289
97,112,285
97,113,284
97,114,285
97,115,286
97,116,297
97,117,292
97,118,292
97,119,290
97,120,284
97,121,284
97,122,285
97,123,283
97,124,291
97,125,289
97,126,297
97,127,296
98,0,448
98,1,448
98,2,449
98,3,447
98,4,455
98,5,457
98,6,459
98,7,454
98,8,443
98,9,442
98,10,444
98,11,442
98,12,456
98,13,451
98,14,450
98,15,449
98,16,449
98,17,448
98,18,452
98,19,454
98,20,457
98,21,455
98,22,456
98,23,455
98,24,451
98,25,454
98,26,454
98,27,449
98,28,458
98,29,457
98,30,458
98,31,459
98,32,477
98,33,471
98,34,461
98,35,447
98,36,455
98,37,453
98,38,459
98,39,458
98,40,448
98,41,448
98,42,449
98,43,447
98,44,453
98,45,458
98,46,455
98,47,453
98,48,459
98,49,458
98,50,459
98,51,461
98,52,473
98,53,463
98,54,468
98,55,466
98,56,459
98,57,458
98,58,465
98,59,459
98,60,466
98,61,464
98,62,466
98,63,468
98,64,395
98,65,306
98,66,303
98,67,300
98,68,308
98,69,306
98,70,308
98,71,307
98,72,301
98,73,300
98,74,305
98,75,306
98,76,309
98,77,306
98,78,308
98,79,307
98,80,310
98,81,309
98,82,311
98,83,309
98,84,323
98,85,321
98,86,323
98,87,322
98,88,312
98,89,310
98,90,312
98,91,310
98,92,318
98,93,319
98,94,324
98,95,319
98,96,112
98,97,112
98,98,-1
98,99,112
98,100,118
98,101,118
98,102,118
98,103,118
98,104,275
98,105,275
98,106,276
98,107,274
98,108,282
98,109,286
98,110,288
98,111,282
98,112,283
98,113,282
98,114,284
98,115,282
98,116,290
98,117,292
98,118,296
98,119,292
98,120,296
98,121,291
98,122,290
98,123,288
98,124,297
98,125,295
98,126,296
98,127,296
99,0,450
99,1,455
99,2,452
99,3,448
99,4,457
99,5,456
99,6,457
99,7,458
99,8,451
99,9,444
99,10,446
99,11,444
99,12,452
99,13,451
99,14,456
99,15,455
99,16,451
99,17,450
99,18,452
99,19,450
99,20,459
99,21,462
99,22,461
99,23,459
99,24,454
99,25,453
99,26,454
99,27,454
99,28,465
99,29,459
99,30,461
99,31,459
99,32,450
99,33,449
99,34,456
99,35,451
99,36,457
99,37,455
99,38,457
99,39,456
99,40,451
99,41,455
99,42,451
99,43,449
99,44,455
99,45,453
99,46,455
99,47,458
99,48,464
99,49,462
99,50,460
99,51,462
99,52,469
99,53,469
99,54,476
99,55,470
99,56,463
99,57,463
99,58,464
99,59,462
99,60,474
99,61,472
99,62,470
99,63,467
99,64,309
99,65,308
99,66,309
99,67,307
99,68,321
99,69,319
99,70,315
99,71,315
99,72,302
99,73,302
99,74,303
99,75,301
99,76,309
99,77,309
99,78,316
99,79,312
99,80,311
99,81,311
99,82,312
99,83,311
99,84,319
99,85,316
99,86,319
99,87,322
99,88,319
99,89,312
99,90,313
99,91,311
99,92,319
99,93,318
99,94,319
99,95,319
99,96,113
99,97,113
99,98,113
99,99,-1
99,100,118
99,101,118
99,102,118
99,103,118
99,104,277
99,105,276
99,106,278
99,107,276
99,108,284
99,109,282
99,110,284
99,111,283
99,112,285
99,113,284
99,114,285
99,115,284
99,116,292
99,117,290
99,118,292
99,119,291
99,120,291
99,121,290
99,122,292
99,123,296
99,124,303
99,125,296
99,126,298
99,127,297
100,0,454
100,1,454
100,2,455
100,3,457
100,4,466
100,5,460
100,6,462
100,7,461
100,8,450
100,9,449
100,10,451
100,11,449
100,12,457
100,13,455
100,14,457
100,15,456
100,16,457
100,17,457
100,18,458
100,19,454
100,20,463
100,21,461
100,22,463
100,23,464
100,24,459
100,25,458
100,26,460
100,27,458
100,28,466
100,29,464
100,30,465
100,31,464
100,32,457
100,33,454
100,34,455
100,35,454
100,36,461
100,37,460
100,38,461
100,39,461
100,40,455
100,41,454
100,42,457
100,43,459
100,44,460
100,45,458
100,46,460
100,47,459
100,48,464
100,49,468
100,50,469
100,51,463
100,52,471
100,53,472
100,54,475
100,55,477
100,56,472
100,57,466
100,58,466
100,59,467
100,60,476
100,61,475
100,62,480
100,63,472
100,64,313
100,65,312
100,66,314
100,67,312
100,68,320
100,69,318
100,70,324
100,71,323
100,72,313
100,73,306
100,74,308
100,75,306
100,76,314
100,77,312
100,78,314
100,79,314
100,80,322
100,81,319
100,82,317
100,83,315
100,84,323
100,85,321
100,86,323
100,87,322
100,88,317
100,89,321
100,90,324
100,91,316
100,92,324
100,93,323
100,94,324
100,95,323
100,96,118
100,97,118
100,98,118
100,99,117
100,100,-1
100,101,123
100,102,123
100,103,126
100,104,287
100,105,287
100,106,282
100,107,280
100,108,289
100,109,287
100,110,289
100,111,292
100,112,302
100,113,299
100,114,296
100,115,295
100,116,303
100,117,301
100,118,297
100,119,296
100,120,296
100,121,295
100,122,296
100,123,295
100,124,303
100,125,301
100,126,303
100,127,302
101,0,457
101,1,457
101,2,457
101,3,455
101,4,468
101,5,464
101,6,463
101,7,462
101,8,451
101,9,450
101,10,453
101,11,456
101,12,458
101,13,456
101,14,458
101,15,457
101,16,457
101,17,461
101,18,461
101,19,457
101,20,465
101,21,462
101,22,464
101,23,465
101,24,465
101,25,458
101,26,459
101,27,458
101,28,466
101,29,464
101,30,471
101,31,469
101,32,456
101,33,456
101,34,457
101,35,455
101,36,464
101,37,467
101,38,463
101,39,463
101,40,456
101,41,456
101,42,457
101,43,459
101,44,465
101,45,460
101,46,461
101,47,461
101,48,466
101,49,466
101,50,470
101,51,465
101,52,473
101,53,471
101,54,473
101,55,472
101,56,472
101,57,469
101,58,468
101,59,466
101,60,474
101,61,472
101,62,476
101,63,473
101,64,309
101,65,308
101,66,309
101,67,308
101,68,316
101,69,314
101,70,316
101,71,318
101,72,315
101,73,309
101,74,309
101,75,308
101,76,316
101,77,314
101,78,316
101,79,315
101,80,318
101,81,323
101,82,323
101,83,317
101,84,325
101,85,323
101,86,324
101,87,324
101,88,319
101,89,318
101,90,324
101,91,323
101,92,326
101,93,324
101,94,326
101,95,326
101,96,118
101,97,118
101,98,118
101,99,118
101,100,123
101,101,-1
101,102,123
101,103,126
101,104,283
101,105,289
101,106,290
101,107,282
101,108,290
101,109,288
101,110,290
101,111,289
101,112,291
101,113,290
101,114,292
101,115,294
101,116,304
101,117,300
101,118,298
101,119,297
101,120,295
101,121,290
101,122,292
101,123,290
101,124,298
101,125,299
101,126,304
101,127,300
102,0,456
102,1,456
102,2,456
102,3,454
102,4,462
102,5,467
102,6,463
102,7,462
102,8,451
102,9,450
102,10,452
102,11,451
102,12,458
102,13,456
102,14,458
102,15,457
102,16,457
102,17,457
102,18,464
102,19,459
102,20,464
102,21,462
102,22,463
102,23,464
102,24,462
102,25,464
102,26,459
102,27,457
102,28,465
102,29,464
102,30,467
102,31,471
102,32,469
102,33,455
102,34,456
102,35,454
102,36,463
102,37,463
102,38,467
102,39,462
102,40,456
102,41,455
102,42,456
102,43,455
102,44,466
102,45,461
102,46,461
102,47,460
102,48,466
102,49,468
102,50,469
102,51,471
102,52,476
102,53,474
102,54,474
102,55,471
102,56,467
102,57,468
102,58,468
102,59,465
102,60,473
102,61,472
102,62,473
102,63,474
102,64,314
102,65,314
102,66,314
102,67,313
102,68,321
102,69,319
102,70,321
102,71,321
102,72,312
102,73,313
102,74,310
102,75,307
102,76,315
102,77,313
102,78,315
102,79,316
102,80,318
102,81,316
102,82,324
102,83,320
102,84,324
102,85,322
102,86,324
102,87,324
102,88,318
102,89,317
102,90,319
102,91,318
102,92,325
102,93,327
102,94,325
102,95,328
102,96,118
102,97,118
102,98,118
102,99,118
102,100,125
102,101,123
102,102,-1
102,103,123
102,104,289
102,105,285
102,106,288
102,107,287
102,108,296
102,109,294
102,110,294
102,111,290
102,112,297
102,113,296
102,114,297
102,115,294
102,116,301
102,117,302
102,118,304
102,119,303
102,120,297
102,121,296
102,122,297
102,123,296
102,124,304
102,125,301
102,126,298
102,127,297
103,0,457
103,1,458
103,2,463
103,3,461
103,4,469
103,5,467
103,6,467
103,7,463
103,8,458
103,9,457
103,10,458
103,11,456
103,12,470
103,13,459
103,14,459
103,15,463
103,16,464
103,17,463
103,18,464
103,19,462
103,20,470
103,21,469
103,22,470
103,23,464
103,24,459
103,25,464
103,26,460
103,27,457
103,28,467
103,29,470
103,30,466
103,31,468
103,32,460
103,33,455
103,34,457
103,35,455
103,36,463
103,37,462
103,38,470
103,39,463
103,40,456
103,41,455
103,42,457
103,43,455
103,44,465
103,45,463
103,46,461
103,47,461
103,48,468
103,49,465
103,50,467
103,51,472
103,52,475
103,53,471
103,54,473
103,55,475
103,56,476
103,57,479
103,58,477
103,59,475
103,60,488
103,61,482
103,62,480
103,63,482
103,64,315
103,65,308
103,66,309
103,67,308
103,68,316
103,69,314
103,70,316
103,71,315
103,72,310
103,73,314
103,74,310
103,75,308
103,76,316
103,77,314
103,78,316
103,79,315
103,80,318
103,81,317
103,82,322
103,83,323
103,84,325
103,85,323
103,86,325
103,87,324
103,88,319
103,89,319
103,90,320
103,91,320
103,92,332
103,93,328
103,94,326
103,95,325
103,96,118
103,97,118
103,98,118
103,99,118
103,100,123
103,101,123
103,102,123
103,103,-1
103,104,284
103,105,283
103,106,285
103,107,282
103,108,290
103,109,288
103,110,290
103,111,289
103,112,292
103,113,291
103,114,292
103,115,290
103,116,298
103,117,302
103,118,303
103,119,298
103,120,297
103,121,297
103,122,298
103,123,296
103,124,304
103,125,302
103,126,305
103,127,310
104,0,444
104,1,444
104,2,446
104,3,448
104,4,457
104,5,455
104,6,457
104,7,456
104,8,451
104,9,450
104,10,452
104,11,444
104,12,452
104,13,450
104,14,452
104,15,451
104,16,451
104,17,450
104,18,452
104,19,450
104,20,458
104,21,456
104,22,459
104,23,459
104,24,453
104,25,453
104,26,455
104,27,453
104,28,460
104,29,457
104,30,459
104,31,458
104,32,450
104,33,449
104,34,451
104,35,449
104,36,457
104,37,455
104,38,457
104,39,456
104,40,450
104,41,449
104,42,451
104,43,449
104,44,455
104,45,453
104,46,456
104,47,460
104,48,466
104,49,465
104,50,466
104,51,465
104,52,473
104,53,473
104,54,476
104,55,476
104,56,471
104,57,467
104,58,468
104,59,464
104,60,467
104,61,468
104,62,471
104,63,469
104,64,309
104,65,308
104,66,309
104,67,307
104,68,316
104,69,314
104,70,311
104,71,309
104,72,303
104,73,302
104,74,303
104,75,301
104,76,309
104,77,308
104,78,310
104,79,309
104,80,311
104,81,311
104,82,312
104,83,311
104,84,319
104,85,317
104,86,318
104,87,318
104,88,313
104,89,312
104,90,313
104,91,311
104,92,319
104,93,319
104,94,320
104,95,318
104,96,276
104,97,275
104,98,276
104,99,275
104,100,282
104,101,281
104,102,282
104,103,282
104,104,-1
104,105,113
104,106,113
104,107,112
104,108,119
104,109,118
104,110,118
104,111,118
104,112,285
104,113,284
104,114,285
104,115,284
104,116,292
104,117,290
104,118,292
104,119,292
104,120,285
104,121,284
104,122,286
104,123,284
104,124,292
104,125,290
104,126,292
104,127,292
105,0,451
105,1,451
105,2,451
105,3,449
105,4,457
105,5,455
105,6,457
105,7,457
105,8,446
105,9,445
105,10,446
105,11,444
105,12,452
105,13,451
105,14,452
105,15,452
105,16,452
105,17,451
105,18,452
105,19,451
105,20,459
105,21,457
105,22,459
105,23,458
105,24,453
105,25,452
105,26,454
105,27,453
105,28,461
105,29,458
105,30,461
105,31,460
105,32,451
105,33,450
105,34,451
105,35,449
105,36,457
105,37,456
105,38,458
105,39,457
105,40,451
105,41,450
105,42,451
105,43,449
105,44,456
105,45,454
105,46,456
105,47,455
105,48,461
105,49,460
105,50,463
105,51,459
105,52,470
105,53,469
105,54,471
105,55,468
105,56,462
105,57,461
105,58,462
105,59,460
105,60,468
105,61,467
105,62,468
105,63,468
105,64,303
105,65,302
105,66,304
105,67,302
105,68,310
105,69,308
105,70,310
105,71,309
105,72,303
105,73,302
105,74,304
105,75,302
105,76,310
105,77,308
105,78,310
105,79,309
105,80,312
105,81,312
105,82,313
105,83,311
105,84,319
105,85,318
105,86,319
105,87,319
105,88,313
105,89,313
105,90,314
105,91,312
105,92,321
105,93,319
105,94,320
105,95,320
105,96,277
105,97,276
105,98,277
105,99,275
105,100,284
105,101,282
105,102,283
105,103,283
105,104,113
105,105,-1
105,106,113
105,107,112
105,108,118
105,109,118
105,110,118
105,111,118
105,112,286
105,113,285
105,114,286
105,115,285
105,116,292
105,117,291
105,118,293
105,119,292
105,120,292
105,121,291
105,122,292
105,123,290
105,124,299
105,125,297
105,126,299
105,127,298
106,0,449
106,1,449
106,2,450
106,3,448
106,4,456
106,5,455
106,6,457
106,7,456
106,8,445
106,9,444
106,10,445
106,11,443
106,12,451
106,13,449
106,14,451
106,15,450
106,16,452
106,17,450
106,18,451
106,19,449
106,20,458
106,21,456
106,22,457
106,23,457
106,24,452
106,25,451
106,26,452
106,27,451
106,28,459
106,29,458
106,30,459
106,31,458
106,32,450
106,33,449
106,34,450
106,35,448
106,36,456
106,37,455
106,38,457
106,39,456
106,40,449
106,41,449
106,42,450
106,43,448
106,44,455
106,45,453
106,46,454
106,47,454
106,48,459
106,49,462
106,50,460
106,51,461
106,52,469
106,53,468
106,54,470
106,55,469
106,56,470
106,57,469
106,58,469
106,59,467
106,60,474
106,61,474
106,62,477
106,63,476
106,64,393
106,65,301
106,66,303
106,67,301
106,68,309
106,69,307
106,70,309
106,71,308
106,72,302
106,73,301
106,74,303
106,75,301
106,76,309
106,77,307
106,78,309
106,79,308
106,80,311
106,81,310
106,82,312
106,83,310
106,84,319
106,85,316
106,86,318
106,87,317
106,88,313
106,89,312
106,90,313
106,91,311
106,92,318
106,93,317
106,94,319
106,95,318
106,96,275
106,97,275
106,98,276
106,99,274
106,100,282
106,101,280
106,102,287
106,103,287
106,104,112
106,105,112
106,106,-1
106,107,112
106,108,118
106,109,118
106,110,118
106,111,118
106,112,285
106,113,284
106,114,285
106,115,283
106,116,292
106,117,290
106,118,291
106,119,291
106,120,285
106,121,284
106,122,285
106,123,283
106,124,292
106,125,290
106,126,291
106,127,291
107,0,459
107,1,451
107,2,451
107,3,450
107,4,458
107,5,456
107,6,458
107,7,457
107,8,446
107,9,445
107,10,447
107,11,445
107,12,453
107,13,451
107,14,453
107,15,452
107,16,452
107,17,452
107,18,453
107,19,451
107,20,459
107,21,457
107,22,459
107,23,459
107,24,454
107,25,453
107,26,454
107,27,454
107,28,462
107,29,460
107,30,460
107,31,460
107,32,451
107,33,453
107,34,458
107,35,456
107,36,464
107,37,463
107,38,464
107,39,464
107,40,451
107,41,451
107,42,452
107,43,450
107,44,456
107,45,455
107,46,456
107,47,456
107,48,461
107,49,463
107,50,464
107,51,462
107,52,471
107,53,469
107,54,467
107,55,467
107,56,462
107,57,461
107,58,463
107,59,461
107,60,469
107,61,467
107,62,469
107,63,468
107,64,304
107,65,303
107,66,304
107,67,303
107,68,311
107,69,309
107,70,311
107,71,310
107,72,304
107,73,303
107,74,304
107,75,303
107,76,311
107,77,309
107,78,311
107,79,310
107,80,313
107,81,312
107,82,313
107,83,311
107,84,319
107,85,318
107,86,320
107,87,319
107,88,314
107,89,313
107,90,315
107,91,313
107,92,321
107,93,319
107,94,321
107,95,320
107,96,283
107,97,279
107,98,278
107,99,276
107,100,284
107,101,282
107,102,284
107,103,283
107,104,113
107,105,113
107,106,113
107,107,-1
107,108,118
107,109,118
107,110,118
107,111,118
107,112,286
107,113,285
107,114,287
107,115,285
107,116,293
107,117,292
107,118,294
107,119,292
107,120,286
107,121,286
107,122,287
107,123,285
107,124,293
107,125,292
107,126,294
107,127,292
108,0,456
108,1,456
108,2,456
108,3,454
108,4,462
108,5,461
108,6,462
108,7,462
108,8,451
108,9,450
108,10,451
108,11,449
108,12,458
108,13,456
108,14,458
108,15,457
108,16,458
108,17,457
108,18,458
108,19,456
108,20,465
108,21,464
108,22,465
108,23,463
108,24,458
108,25,457
108,26,459
108,27,457
108,28,465
108,29,463
108,30,465
108,31,466
108,32,479
108,33,478
108,34,479
108,35,457
108,36,463
108,37,461
108,38,463
108,39,462
108,40,456
108,41,455
108,42,456
108,43,455
108,44,461
108,45,459
108,46,461
108,47,460
108,48,465
108,49,465
108,50,466
108,51,464
108,52,472
108,53,473
108,54,476
108,55,472
108,56,467
108,57,466
108,58,467
108,59,468
108,60,477
108,61,474
108,62,473
108,63,473
108,64,309
108,65,308
108,66,309
108,67,307
108,68,315
108,69,313
108,70,315
108,71,314
108,72,309
108,73,308
108,74,309
108,75,307
108,76,315
108,77,313
108,78,315
108,79,315
108,80,317
108,81,317
108,82,318
108,83,316
108,84,324
108,85,323
108,86,324
108,87,323
108,88,319
108,89,318
108,90,319
108,91,317
108,92,326
108,93,323
108,94,326
108,95,325
108,96,288
108,97,284
108,98,288
108,99,283
108,100,289
108,101,287
108,102,289
108,103,288
108,104,118
108,105,118
108,106,118
108,107,117
108,108,-1
108,109,123
108,110,123
108,111,126
108,112,291
108,113,290
108,114,292
108,115,290
108,116,298
108,117,296
108,118,298
108,119,297
108,120,291
108,121,290
108,122,292
108,123,290
108,124,298
108,125,296
108,126,298
108,127,297
109,0,458
109,1,457
109,2,458
109,3,456
109,4,464
109,5,462
109,6,464
109,7,463
109,8,452
109,9,452
109,10,453
109,11,451
109,12,459
109,13,458
109,14,459
109,15,458
109,16,460
109,17,458
109,18,459
109,19,457
109,20,466
109,21,466
109,22,466
109,23,466
109,24,461
109,25,460
109,26,461
109,27,460
109,28,468
109,29,466
109,30,468
109,31,466
109,32,458
109,33,457
109,34,458
109,35,456
109,36,464
109,37,463
109,38,464
109,39,464
109,40,457
109,41,457
109,42,458
109,43,456
109,44,462
109,45,461
109,46,463
109,47,462
109,48,467
109,49,467
109,50,468
109,51,466
109,52,474
109,53,473
109,54,474
109,55,473
109,56,475
109,57,474
109,58,475
109,59,476
109,60,485
109,61,483
109,62,482
109,63,481
109,64,310
109,65,309
109,66,311
109,67,309
109,68,317
109,69,315
109,70,317
109,71,316
109,72,310
109,73,309
109,74,311
109,75,309
109,76,317
109,77,315
109,78,317
109,79,316
109,80,319
109,81,318
109,82,320
109,83,318
109,84,326
109,85,324
109,86,326
109,87,325
109,88,321
109,89,320
109,90,321
109,91,319
109,92,327
109,93,326
109,94,327
109,95,326
109,96,283
109,97,283
109,98,284
109,99,282
109,100,290
109,101,288
109,102,290
109,103,289
109,104,118
109,105,118
109,106,118
109,107,118
109,108,123
109,109,-1
109,110,123
109,111,126
109,112,293
109,113,292
109,114,293
109,115,292
109,116,300
109,117,298
109,118,299
109,119,299
109,120,293
109,121,292
109,122,293
109,123,292
109,124,300
109,125,298
109,126,299
109,127,299
110,0,457
110,1,457
110,2,457
110,3,455
110,4,463
110,5,462
110,6,463
110,7,463
110,8,452
110,9,451
110,10,452
110,11,451
110,12,459
110,13,457
110,14,458
110,15,458
110,16,458
110,17,458
110,18,459
110,19,457
110,20,465
110,21,463
110,22,467
110,23,466
110,24,460
110,25,460
110,26,462
110,27,460
110,28,467
110,29,464
110,30,466
110,31,465
110,32,457
110,33,456
110,34,457
110,35,456
110,36,464
110,37,462
110,38,464
110,39,463
110,40,457
110,41,456
110,42,457
110,43,455
110,44,462
110,45,460
110,46,462
110,47,461
110,48,466
110,49,466
110,50,467
110,51,465
110,52,473
110,53,471
110,54,473
110,55,472
110,56,474
110,57,473
110,58,474
110,59,472
110,60,481
110,61,479
110,62,481
110,63,480
110,64,309
110,65,309
110,66,310
110,67,308
110,68,316
110,69,314
110,70,316
110,71,316
110,72,309
110,73,309
110,74,310
110,75,308
110,76,316
110,77,314
110,78,316
110,79,316
110,80,318
110,81,317
110,82,319
110,83,317
110,84,326
110,85,323
110,86,325
110,87,325
110,88,319
110,89,319
110,90,321
110,91,319
110,92,327
110,93,325
110,94,326
110,95,326
110,96,289
110,97,288
110,98,289
110,99,287
110,100,296
110,101,292
110,102,289
110,103,289
110,104,118
110,105,118
110,106,118
110,107,118
110,108,125
110,109,123
110,110,-1
110,111,123
110,112,292
110,113,291
110,114,292
110,115,291
110,116,299
110,117,297
110,118,299
110,119,298
110,120,292
110,121,291
110,122,292
110,123,291
110,124,299
110,125,297
110,126,299
110,127,298
111,0,459
111,1,458
111,2,458
111,3,456
111,4,465
111,5,463
111,6,465
111,7,463
111,8,453
111,9,452
111,10,453
111,11,451
111,12,459
111,13,458
111,14,459
111,15,459
111,16,459
111,17,458
111,18,459
111,19,459
111,20,467
111,21,464
111,22,465
111,23,465
111,24,464
111,25,465
111,26,467
111,27,465
111,28,474
111,29,473
111,30,475
111,31,474
111,32,458
111,33,457
111,34,458
111,35,456
111,36,465
111,37,463
111,38,464
111,39,464
111,40,458
111,41,457
111,42,458
111,43,456
111,44,463
111,45,461
111,46,463
111,47,462
111,48,467
111,49,466
111,50,470
111,51,466
111,52,477
111,53,476
111,54,478
111,55,475
111,56,475
111,57,474
111,58,475
111,59,476
111,60,484
111,61,480
111,62,481
111,63,481
111,64,311
111,65,309
111,66,310
111,67,309
111,68,317
111,69,315
111,70,317
111,71,316
111,72,310
111,73,309
111,74,310
111,75,309
111,76,317
111,77,315
111,78,317
111,79,316
111,80,319
111,81,319
111,82,320
111,83,317
111,84,326
111,85,324
111,86,326
111,87,325
111,88,321
111,89,320
111,90,321
111,91,319
111,92,327
111,93,326
111,94,327
111,95,327
111,96,284
111,97,283
111,98,284
111,99,282
111,100,293
111,101,294
111,102,293
111,103,290
111,104,118
111,105,118
111,106,118
111,107,118
111,108,123
111,109,123
111,110,123
111,111,-1
111,112,292
111,113,292
111,114,293
111,115,291
111,116,299
111,117,298
111,118,300
111,119,299
111,120,293
111,121,292
111,122,293
111,123,291
111,124,299
111,125,298
111,126,300
111,127,299
112,0,461
112,1,462
112,2,460
112,3,460
112,4,466
112,5,464
112,6,468
112,7,467
112,8,463
112,9,462
112,10,458
112,11,455
112,12,463
112,13,461
112,14,463
112,15,463
112,16,463
112,17,462
112,18,463
112,19,461
112,20,470
112,21,468
112,22,470
112,23,469
112,24,466
112,25,469
112,26,471
112,27,469
112,28,476
112,29,474
112,30,470
112,31,469
112,32,462
112,33,461
112,34,462
112,35,460
112,36,468
112,37,467
112,38,468
112,39,468
112,40,462
112,41,461
112,42,462
112,43,460
112,44,466
112,45,465
112,46,467
112,47,463
112,48,468
112,49,467
112,50,468
112,51,467
112,52,475
112,53,473
112,54,475
112,55,477
112,56,479
112,57,478
112,58,479
112,59,477
112,60,486
112,61,484
112,62,485
112,63,485
112,64,311
112,65,310
112,66,311
112,67,309
112,68,318
112,69,316
112,70,317
112,71,317
112,72,311
112,73,310
112,74,311
112,75,309
112,76,318
112,77,316
112,78,318
112,79,317
112,80,301
112,81,300
112,82,302
112,83,300
112,84,308
112,85,307
112,86,308
112,87,308
112,88,302
112,89,302
112,90,303
112,91,301
112,92,309
112,93,308
112,94,310
112,95,309
112,96,284
112,97,283
112,98,284
112,99,283
112,100,290
112,101,291
112,102,297
112,103,293
112,104,285
112,105,284
112,106,285
112,107,284
112,108,292
112,109,290
112,110,292
112,111,291
112,112,-1
112,113,113
112,114,113
112,115,112
112,116,118
112,117,118
112,118,118
112,119,118
112,120,275
112,121,274
112,122,275
112,123,273
112,124,282
112,125,280
112,126,282
112,127,281
113,0,462
113,1,462
113,2,463
113,3,461
113,4,469
113,5,467
113,6,468
113,7,465
113,8,454
113,9,455
113,10,456
113,11,456
113,12,462
113,13,459
113,14,461
113,15,462
113,16,463
113,17,463
113,18,464
113,19,462
113,20,469
113,21,467
113,22,468
113,23,468
113,24,463
113,25,463
113,26,464
113,27,463
113,28,470
113,29,468
113,30,470
113,31,470
113,32,462
113,33,462
113,34,460
113,35,458
113,36,466
113,37,465
113,38,469
113,39,468
113,40,462
113,41,462
113,42,463
113,43,461
113,44,467
113,45,466
113,46,467
113,47,465
113,48,472
113,49,471
113,50,472
113,51,471
113,52,479
113,53,477
113,54,479
113,55,478
113,56,479
113,57,478
113,58,480
113,59,478
113,60,486
113,61,484
113,62,486
113,63,485
113,64,311
113,65,310
113,66,312
113,67,310
113,68,318
113,69,316
113,70,318
113,71,317
113,72,311
113,73,310
113,74,312
113,75,310
113,76,318
113,77,316
113,78,318
113,79,317
113,80,302
113,81,301
113,82,302
113,83,301
113,84,309
113,85,307
113,86,308
113,87,308
113,88,303
113,89,302
113,90,304
113,91,302
113,92,310
113,93,309
113,94,309
113,95,309
113,96,284
113,97,284
113,98,285
113,99,283
113,100,291
113,101,289
113,102,292
113,103,290
113,104,286
113,105,285
113,106,286
113,107,284
113,108,292
113,109,291
113,110,292
113,111,292
113,112,113
113,113,-1
113,114,113
113,115,112
113,116,118
113,117,118
113,118,118
113,119,118
113,120,282
113,121,281
113,122,282
113,123,280
113,124,288
113,125,286
113,126,288
113,127,287
114,0,460
114,1,459
114,2,461
114,3,460
114,4,468
114,5,466
114,6,468
114,7,467
114,8,456
114,9,455
114,10,456
114,11,455
114,12,463
114,13,461
114,14,463
114,15,462
114,16,462
114,17,461
114,18,462
114,19,461
114,20,468
114,21,466
114,22,469
114,23,468
114,24,464
114,25,463
114,26,464
114,27,467
114,28,476
114,29,474
114,30,475
114,31,475
114,32,458
114,33,458
114,34,459
114,35,456
114,36,466
114,37,466
114,38,464
114,39,465
114,40,458
114,41,457
114,42,458
114,43,460
114,44,466
114,45,464
114,46,466
114,47,465
114,48,471
114,49,470
114,50,471
114,51,469
114,52,478
114,53,476
114,54,478
114,55,477
114,56,472
114,57,471
114,58,473
114,59,471
114,60,479
114,61,477
114,62,479
114,63,478
114,64,310
114,65,309
114,66,311
114,67,309
114,68,317
114,69,316
114,70,317
114,71,316
114,72,310
114,73,309
114,74,311
114,75,309
114,76,317
114,77,316
114,78,317
114,79,316
114,80,301
114,81,300
114,82,301
114,83,300
114,84,308
114,85,306
114,86,308
114,87,307
114,88,302
114,89,301
114,90,303
114,91,301
114,92,309
114,93,307
114,94,309
114,95,308
114,96,283
114,97,282
114,98,284
114,99,282
114,100,290
114,101,289
114,102,290
114,103,289
114,104,284
114,105,284
114,106,285
114,107,283
114,108,292
114,109,290
114,110,291
114,111,291
114,112,112
114,113,112
114,114,-1
114,115,112
114,116,118
114,117,118
114,118,118
114,119,118
114,120,280
114,121,280
114,122,281
114,123,279
114,124,287
114,125,286
114,126,287
114,127,287
115,0,463
115,1,463
115,2,463
115,3,460
115,4,469
115,5,466
115,6,466
115,7,468
115,8,458
115,9,457
115,10,458
115,11,456
115,12,462
115,13,460
115,14,462
115,15,464
115,16,464
115,17,463
115,18,465
115,19,463
115,20,471
115,21,469
115,22,471
115,23,470
115,24,465
115,25,465
115,26,466
115,27,462
115,28,472
115,29,469
115,30,470
115,31,469
115,32,460
115,33,458
115,34,460
115,35,458
115,36,466
115,37,464
115,38,466
115,39,467
115,40,463
115,41,462
115,42,463
115,43,462
115,44,468
115,45,466
115,46,468
115,47,467
115,48,473
115,49,472
115,50,473
115,51,471
115,52,479
115,53,477
115,54,479
115,55,479
115,56,474
115,57,473
115,58,474
115,59,473
115,60,481
115,61,479
115,62,481
115,63,480
115,64,312
115,65,311
115,66,312
115,67,311
115,68,319
115,69,317
115,70,319
115,71,318
115,72,312
115,73,311
115,74,312
115,75,311
115,76,319
115,77,317
115,78,319
115,79,318
115,80,304
115,81,302
115,82,303
115,83,301
115,84,309
115,85,307
115,86,309
115,87,309
115,88,304
115,89,303
115,90,304
115,91,302
115,92,310
115,93,309
115,94,311
115,95,310
115,96,291
115,97,290
115,98,286
115,99,284
115,100,292
115,101,290
115,102,292
115,103,291
115,104,286
115,105,285
115,106,287
115,107,285
115,108,293
115,109,292
115,110,293
115,111,292
115,112,113
115,113,113
115,114,113
115,115,-1
115,116,118
115,117,118
115,118,118
115,119,118
115,120,276
115,121,275
115,122,276
115,123,275
115,124,282
115,125,281
115,126,282
115,127,282
116,0,467
116,1,467
116,2,468
116,3,466
116,4,474
116,5,472
116,6,474
116,7,473
116,8,462
116,9,459
116,10,460
116,11,459
116,12,469
116,13,467
116,14,469
116,15,468
116,16,469
116,17,468
116,18,469
116,19,467
116,20,475
116,21,474
116,22,476
116,23,473
116,24,468
116,25,467
116,26,468
116,27,467
116,28,475
116,29,473
116,30,475
116,31,476
116,32,468
116,33,467
116,34,465
116,35,464
116,36,471
116,37,470
116,38,474
116,39,474
116,40,468
116,41,467
116,42,468
116,43,466
116,44,472
116,45,471
116,46,473
116,47,472
116,48,477
116,49,476
116,50,478
116,51,476
116,52,484
116,53,482
116,54,484
116,55,483
116,56,478
116,57,478
116,58,479
116,59,477
116,60,485
116,61,483
116,62,485
116,63,485
116,64,322
116,65,321
116,66,323
116,67,321
116,68,329
116,69,327
116,70,329
116,71,328
116,72,316
116,73,315
116,74,317
116,75,315
116,76,323
116,77,322
116,78,323
116,79,322
116,80,307
116,81,306
116,82,308
116,83,306
116,84,314
116,85,312
116,86,314
116,87,313
116,88,309
116,89,307
116,90,309
116,91,307
116,92,315
116,93,313
116,94,315
116,95,314
116,96,290
116,97,289
116,98,290
116,99,289
116,100,297
116,101,295
116,102,296
116,103,296
116,104,291
116,105,290
116,106,292
116,107,290
116,108,298
116,109,296
116,110,298
116,111,297
116,112,118
116,113,118
116,114,118
116,115,117
116,116,-1
116,117,123
116,118,123
116,119,126
116,120,280
116,121,280
116,122,281
116,123,280
116,124,287
116,125,286
116,126,287
116,127,287
117,0,469
117,1,469
117,2,470
117,3,468
117,4,474
117,5,471
117,6,474
117,7,475
117,8,464
117,9,463
117,10,464
117,11,463
117,12,471
117,13,469
117,14,471
117,15,470
117,16,470
117,17,470
117,18,471
117,19,469
117,20,476
117,21,474
117,22,476
117,23,475
117,24,471
117,25,469
117,26,471
117,27,470
117,28,478
117,29,477
117,30,479
117,31,477
117,32,481
117,33,467
117,34,469
117,35,465
117,36,472
117,37,471
117,38,476
117,39,475
117,40,469
117,41,469
117,42,470
117,43,468
117,44,474
117,45,473
117,46,474
117,47,473
117,48,479
117,49,478
117,50,479
117,51,478
117,52,486
117,53,484
117,54,486
117,55,485
117,56,480
117,57,479
117,58,481
117,59,479
117,60,487
117,61,485
117,62,487
117,63,486
117,64,318
117,65,316
117,66,319
117,67,317
117,68,325
117,69,323
117,70,325
117,71,324
117,72,318
117,73,317
117,74,319
117,75,317
117,76,325
117,77,323
117,78,325
117,79,324
117,80,320
117,81,319
117,82,311
117,83,308
117,84,316
117,85,314
117,86,316
117,87,315
117,88,310
117,89,309
117,90,311
117,91,309
117,92,317
117,93,315
117,94,317
117,95,316
117,96,325
117,97,293
117,98,292
117,99,290
117,100,298
117,101,297
117,102,298
117,103,297
117,104,293
117,105,292
117,106,293
117,107,292
117,108,300
117,109,298
117,110,299
117,111,299
117,112,118
117,113,118
117,114,118
117,115,118
117,116,123
117,117,-1
117,118,123
117,119,126
117,120,288
117,121,287
117,122,289
117,123,287
117,124,295
117,125,293
117,126,295
117,127,295
118,0,466
118,1,465
118,2,466
118,3,464
118,4,473
118,5,473
118,6,473
118,7,471
118,8,462
118,9,461
118,10,463
118,11,460
118,12,467
118,13,465
118,14,468
118,15,469
118,16,469
118,17,469
118,18,470
118,19,469
118,20,475
118,21,474
118,22,476
118,23,476
118,24,471
118,25,470
118,26,471
118,27,470
118,28,478
118,29,476
118,30,478
118,31,476
118,32,488
118,33,478
118,34,465
118,35,467
118,36,476
118,37,474
118,38,475
118,39,472
118,40,465
118,41,464
118,42,467
118,43,466
118,44,473
118,45,472
118,46,473
118,47,470
118,48,475
118,49,474
118,50,475
118,51,473
118,52,482
118,53,483
118,54,485
118,55,484
118,56,479
118,57,479
118,58,480
118,59,478
118,60,486
118,61,485
118,62,486
118,63,485
118,64,405
118,65,317
118,66,318
118,67,316
118,68,324
118,69,322
118,70,324
118,71,324
118,72,318
118,73,316
118,74,318
118,75,316
118,76,324
118,77,322
118,78,324
118,79,324
118,80,319
118,81,309
118,82,308
118,83,307
118,84,315
118,85,313
118,86,315
118,87,314
118,88,309
118,89,308
118,90,309
118,91,308
118,92,316
118,93,315
118,94,316
118,95,315
118,96,291
118,97,290
118,98,291
118,99,290
118,100,297
118,101,296
118,102,298
118,103,297
118,104,292
118,105,291
118,106,292
118,107,291
118,108,299
118,109,297
118,110,299
118,111,298
118,112,118
118,113,118
118,114,118
118,115,118
118,116,125
118,117,123
118,118,-1
118,119,123
118,120,287
118,121,287
118,122,288
118,123,287
118,124,294
118,125,286
118,126,288
118,127,288
119,0,469
119,1,469
119,2,467
119,3,465
119,4,473
119,5,472
119,6,476
119,7,475
119,8,470
119,9,469
119,10,471
119,11,469
119,12,477
119,13,475
119,14,477
119,15,476
119,16,470
119,17,468
119,18,470
119,19,468
119,20,476
119,21,475
119,22,477
119,23,477
119,24,478
119,25,477
119,26,478
119,27,477
119,28,485
119,29,483
119,30,484
119,31,483
119,32,469
119,33,466
119,34,467
119,35,465
119,36,474
119,37,474
119,38,474
119,39,471
119,40,465
119,41,465
119,42,469
119,43,465
119,44,472
119,45,470
119,46,472
119,47,471
119,48,477
119,49,478
119,50,479
119,51,478
119,52,486
119,53,484
119,54,486
119,55,485
119,56,480
119,57,479
119,58,481
119,59,479
119,60,487
119,61,485
119,62,487
119,63,486
119,64,489
119,65,405
119,66,319
119,67,316
119,68,325
119,69,323
119,70,325
119,71,324
119,72,319
119,73,317
119,74,319
119,75,316
119,76,325
119,77,323
119,78,325
119,79,324
119,80,309
119,81,308
119,82,309
119,83,307
119,84,316
119,85,314
119,86,316
119,87,315
119,88,311
119,89,309
119,90,310
119,91,309
119,92,317
119,93,315
119,94,317
119,95,316
119,96,292
119,97,291
119,98,292
119,99,290
119,100,298
119,101,296
119,102,299
119,103,298
119,104,293
119,105,292
119,106,293
119,107,291
119,108,299
119,109,298
119,110,300
119,111,299
119,112,118
119,113,118
119,114,118
119,115,118
119,116,123
119,117,123
119,118,123
119,119,-1
119,120,282
119,121,282
119,122,283
119,123,280
119,124,289
119,125,287
119,126,289
119,127,288
120,0,462
120,1,461
120,2,462
120,3,459
120,4,468
120,5,464
120,6,465
120,7,464
120,8,456
120,9,461
120,10,461
120,11,459
120,12,469
120,13,468
120,14,469
120,15,469
120,16,469
120,17,468
120,18,469
120,19,468
120,20,476
120,21,474
120,22,476
120,23,475
120,24,470
120,25,469
120,26,471
120,27,469
120,28,476
120,29,475
120,30,476
120,31,475
120,32,468
120,33,467
120,34,468
120,35,466
120,36,474
120,37,473
120,38,475
120,39,474
120,40,468
120,41,467
120,42,468
120,43,467
120,44,473
120,45,471
120,46,473
120,47,472
120,48,477
120,49,476
120,50,478
120,51,476
120,52,484
120,53,482
120,54,484
120,55,483
120,56,479
120,57,478
120,58,479
120,59,477
120,60,485
120,61,484
120,62,485
120,63,485
120,64,317
120,65,316
120,66,317
120,67,315
120,68,324
120,69,322
120,70,324
120,71,323
120,72,317
120,73,316
120,74,317
120,75,315
120,76,324
120,77,322
120,78,324
120,79,323
120,80,307
120,81,307
120,82,308
120,83,306
120,84,314
120,85,312
120,86,314
120,87,314
120,88,309
120,89,308
120,90,309
120,91,307
120,92,316
120,93,314
120,94,316
120,95,314
120,96,290
120,97,289
120,98,290
120,99,289
120,100,297
120,101,296
120,102,297
120,103,296
120,104,291
120,105,290
120,106,292
120,107,290
120,108,298
120,109,296
120,110,298
120,111,297
120,112,281
120,113,280
120,114,281
120,115,279
120,116,287
120,117,286
120,118,288
120,119,287
120,120,-1
120,121,113
120,122,113
120,123,112
120,124,118
120,125,118
120,126,118
120,127,118
121,0,468
121,1,468
121,2,469
121,3,464
121,4,473
121,5,473
121,6,475
121,7,474
121,8,463
121,9,462
121,10,464
121,11,462
121,12,470
121,13,468
121,14,470
121,15,469
121,16,470
121,17,469
121,18,470
121,19,468
121,20,476
121,21,475
121,22,476
121,23,476
121,24,471
121,25,474
121,26,477
121,27,476
121,28,484
121,29,477
121,30,478
121,31,477
121,32,469
121,33,468
121,34,469
121,35,467
121,36,476
121,37,474
121,38,476
121,39,475
121,40,469
121,41,468
121,42,469
121,43,467
121,44,474
121,45,472
121,46,473
121,47,471
121,48,478
121,49,477
121,50,479
121,51,477
121,52,485
121,53,483
121,54,485
121,55,484
121,56,479
121,57,479
121,58,480
121,59,478
121,60,486
121,61,485
121,62,486
121,63,486
121,64,317
121,65,316
121,66,318
121,67,316
121,68,324
121,69,322
121,70,324
121,71,323
121,72,324
121,73,322
121,74,324
121,75,322
121,76,330
121,77,328
121,78,330
121,79,330
121,80,308
121,81,307
121,82,309
121,83,307
121,84,309
121,85,307
121,86,309
121,87,308
121,88,303
121,89,302
121,90,304
121,91,302
121,92,310
121,93,309
121,94,309
121,95,309
121,96,284
121,97,284
121,98,285
121,99,283
121,100,291
121,101,289
121,102,292
121,103,290
121,104,286
121,105,285
121,106,286
121,107,284
121,108,292
121,109,291
121,110,292
121,111,292
121,112,281
121,113,281
121,114,282
121,115,280
121,116,288
121,117,286
121,118,288
121,119,287
121,120,113
121,121,-1
121,122,113
121,123,112
121,124,118
121,125,118
121,126,118
121,127,118
122,0,461
122,1,461
122,2,460
122,3,459
122,4,465
122,5,464
122,6,468
122,7,467
122,8,456
122,9,455
122,10,457
122,11,455
122,12,463
122,13,461
122,14,463
122,15,462
122,16,462
122,17,461
122,18,463
122,19,461
122,20,469
122,21,467
122,22,468
122,23,468
122,24,464
122,25,462
122,26,462
122,27,461
122,28,470
122,29,468
122,30,470
122,31,469
122,32,461
122,33,460
122,34,462
122,35,460
122,36,468
122,37,466
122,38,468
122,39,467
122,40,461
122,41,460
122,42,462
122,43,460
122,44,463
122,45,461
122,46,464
122,47,465
122,48,471
122,49,470
122,50,471
122,51,470
122,52,478
122,53,476
122,54,478
122,55,477
122,56,472
122,57,471
122,58,473
122,59,471
122,60,479
122,61,477
122,62,479
122,63,478
122,64,315
122,65,315
122,66,317
122,67,315
122,68,323
122,69,321
122,70,324
122,71,322
122,72,316
122,73,315
122,74,317
122,75,315
122,76,323
122,77,321
122,78,323
122,79,322
122,80,307
122,81,306
122,82,307
122,83,305
122,84,314
122,85,312
122,86,314
122,87,313
122,88,308
122,89,307
122,90,309
122,91,307
122,92,315
122,93,314
122,94,315
122,95,315
122,96,289
122,97,289
122,98,290
122,99,288
122,100,297
122,101,295
122,102,297
122,103,296
122,104,291
122,105,290
122,106,291
122,107,290
122,108,297
122,109,295
122,110,297
122,111,297
122,112,287
122,113,286
122,114,287
122,115,285
122,116,293
122,117,291
122,118,294
122,119,292
122,120,112
122,121,112
122,122,-1
122,123,112
122,124,118
122,125,118
122,126,118
122,127,118
123,0,469
123,1,469
123,2,469
123,3,465
123,4,475
123,5,474
123,6,473
123,7,472
123,8,461
123,9,460
123,10,464
123,11,460
123,12,468
123,13,466
123,14,471
123,15,470
123,16,470
123,17,468
123,18,471
123,19,467
123,20,476
123,21,475
123,22,477
123,23,476
123,24,477
123,25,471
123,26,472
123,27,470
123,28,478
123,29,477
123,30,478
123,31,478
123,32,469
123,33,465
123,34,467
123,35,465
123,36,467
123,37,468
123,38,470
123,39,469
123,40,469
123,41,468
123,42,470
123,43,466
123,44,472
123,45,472
123,46,469
123,47,467
123,48,472
123,49,472
123,50,473
123,51,471
123,52,479
123,53,477
123,54,479
123,55,479
123,56,474
123,57,473
123,58,474
123,59,473
123,60,481
123,61,479
123,62,481
123,63,480
123,64,418
123,65,311
123,66,312
123,67,311
123,68,319
123,69,317
123,70,319
123,71,318
123,72,312
123,73,311
123,74,312
123,75,311
123,76,319
123,77,317
123,78,319
123,79,318
123,80,302
123,81,302
123,82,303
123,83,301
123,84,309
123,85,308
123,86,309
123,87,309
123,88,304
123,89,303
123,90,304
123,91,302
123,92,310
123,93,308
123,94,311
123,95,309
123,96,285
123,97,284
123,98,286
123,99,284
123,100,292
123,101,290
123,102,292
123,103,291
123,104,286
123,105,285
123,106,287
123,107,285
123,108,293
123,109,292
123,110,293
123,111,292
123,112,276
123,113,275
123,114,276
123,115,275
123,116,282
123,117,281
123,118,282
123,119,282
123,120,113
123,121,113
123,122,113
123,123,-1
123,124,118
123,125,118
123,126,118
123,127,118
124,0,464
124,1,461
124,2,466
124,3,466
124,4,474
124,5,472
124,6,474
124,7,471
124,8,459
124,9,458
124,10,460
124,11,461
124,12,467
124,13,464
124,14,466
124,15,468
124,16,469
124,17,468
124,18,468
124,19,466
124,20,475
124,21,474
124,22,476
124,23,475
124,24,470
124,25,469
124,26,470
124,27,469
124,28,477
124,29,474
124,30,475
124,31,475
124,32,464
124,33,464
124,34,468
124,35,466
124,36,474
124,37,470
124,38,471
124,39,470
124,40,464
124,41,463
124,42,466
124,43,465
124,44,472
124,45,468
124,46,469
124,47,468
124,48,475
124,49,476
124,50,477
124,51,476
124,52,484
124,53,482
124,54,484
124,55,483
124,56,478
124,57,478
124,58,479
124,59,477
124,60,485
124,61,483
124,62,485
124,63,485
124,64,487
124,65,486
124,66,488
124,67,486
124,68,410
124,69,322
124,70,323
124,71,322
124,72,316
124,73,315
124,74,317
124,75,315
124,76,323
124,77,322
124,78,323
124,79,322
124,80,307
124,81,306
124,82,308
124,83,306
124,84,314
124,85,312
124,86,314
124,87,313
124,88,309
124,89,307
124,90,309
124,91,307
124,92,315
124,93,313
124,94,315
124,95,314
124,96,290
124,97,289
124,98,290
124,99,289
124,100,297
124,101,295
124,102,296
124,103,295
124,104,291
124,105,290
124,106,292
124,107,290
124,108,298
124,109,296
124,110,298
124,111,297
124,112,298
124,113,287
124,114,287
124,115,285
124,116,293
124,117,292
124,118,293
124,119,293
124,120,118
124,121,118
124,122,118
124,123,117
124,124,-1
124,125,123
124,126,123
124,127,126
125,0,461
125,1,466
125,2,467
125,3,468
125,4,476
125,5,474
125,6,476
125,7,475
125,8,464
125,9,463
125,10,464
125,11,463
125,12,471
125,13,469
125,14,471
125,15,470
125,16,470
125,17,470
125,18,471
125,19,475
125,20,483
125,21,481
125,22,483
125,23,481
125,24,477
125,25,476
125,26,478
125,27,475
125,28,483
125,29,483
125,30,485
125,31,484
125,32,475
125,33,475
125,34,476
125,35,474
125,36,483
125,37,479
125,38,482
125,39,478
125,40,473
125,41,473
125,42,476
125,43,471
125,44,477
125,45,475
125,46,481
125,47,480
125,48,485
125,49,484
125,50,485
125,51,484
125,52,492
125,53,490
125,54,491
125,55,485
125,56,480
125,57,479
125,58,481
125,59,479
125,60,487
125,61,485
125,62,487
125,63,486
125,64,318
125,65,317
125,66,319
125,67,317
125,68,325
125,69,324
125,70,325
125,71,324
125,72,318
125,73,317
125,74,319
125,75,317
125,76,325
125,77,324
125,78,325
125,79,324
125,80,309
125,81,308
125,82,314
125,83,314
125,84,322
125,85,320
125,86,322
125,87,321
125,88,316
125,89,315
125,90,317
125,91,315
125,92,323
125,93,321
125,94,323
125,95,323
125,96,328
125,97,301
125,98,304
125,99,301
125,100,304
125,101,303
125,102,304
125,103,304
125,104,299
125,105,298
125,106,299
125,107,297
125,108,305
125,109,304
125,110,306
125,111,305
125,112,295
125,113,294
125,114,295
125,115,293
125,116,301
125,117,299
125,118,302
125,119,301
125,120,118
125,121,118
125,122,118
125,123,118
125,124,123
125,125,-1
125,126,123
125,127,126
126,0,464
126,1,462
126,2,468
126,3,465
126,4,472
126,5,471
126,6,475
126,7,474
126,8,463
126,9,463
126,10,464
126,11,462
126,12,470
126,13,468
126,14,470
126,15,469
126,16,469
126,17,469
126,18,470
126,19,469
126,20,477
126,21,475
126,22,476
126,23,476
126,24,471
126,25,470
126,26,470
126,27,468
126,28,476
126,29,476
126,30,478
126,31,477
126,32,475
126,33,471
126,34,471
126,35,470
126,36,480
126,37,480
126,38,481
126,39,481
126,40,475
126,41,473
126,42,471
126,43,473
126,44,477
126,45,476
126,46,477
126,47,477
126,48,484
126,49,483
126,50,485
126,51,483
126,52,491
126,53,489
126,54,491
126,55,490
126,56,486
126,57,485
126,58,486
126,59,484
126,60,492
126,61,491
126,62,492
126,63,492
126,64,488
126,65,487
126,66,488
126,67,487
126,68,495
126,69,493
126,70,410
126,71,324
126,72,318
126,73,316
126,74,318
126,75,316
126,76,324
126,77,322
126,78,324
126,79,324
126,80,308
126,81,307
126,82,308
126,83,307
126,84,315
126,85,313
126,86,315
126,87,314
126,88,309
126,89,308
126,90,309
126,91,308
126,92,316
126,93,314
126,94,316
126,95,315
126,96,295
126,97,290
126,98,291
126,99,290
126,100,297
126,101,295
126,102,298
126,103,297
126,104,298
126,105,297
126,106,298
126,107,297
126,108,305
126,109,303
126,110,305
126,111,304
126,112,287
126,113,287
126,114,288
126,115,286
126,116,294
126,117,293
126,118,294
126,119,294
126,120,118
126,121,118
126,122,118
126,123,118
126,124,125
126,125,124
126,126,-1
126,127,124
127,0,469
127,1,469
127,2,470
127,3,466
127,4,474
127,5,474
127,6,476
127,7,475
127,8,465
127,9,463
127,10,465
127,11,463
127,12,471
127,13,469
127,14,471
127,15,470
127,16,470
127,17,470
127,18,471
127,19,469
127,20,477
127,21,475
127,22,477
127,23,477
127,24,471
127,25,471
127,26,472
127,27,470
127,28,479
127,29,477
127,30,478
127,31,478
127,32,469
127,33,469
127,34,470
127,35,468
127,36,476
127,37,475
127,38,476
127,39,475
127,40,469
127,41,469
127,42,470
127,43,468
127,44,474
127,45,473
127,46,474
127,47,474
127,48,479
127,49,478
127,50,479
127,51,478
127,52,486
127,53,484
127,54,486
127,55,485
127,56,480
127,57,479
127,58,481
127,59,479
127,60,487
127,61,485
127,62,487
127,63,486
127,64,318
127,65,317
127,66,319
127,67,316
127,68,325
127,69,323
127,70,325
127,71,324
127,72,319
127,73,317
127,74,319
127,75,316
127,76,325
127,77,323
127,78,325
127,79,324
127,80,309
127,81,308
127,82,309
127,83,307
127,84,316
127,85,314
127,86,316
127,87,315
127,88,311
127,89,309
127,90,310
127,91,309
127,92,317
127,93,315
127,94,317
127,95,316
127,96,292
127,97,291
127,98,292
127,99,290
127,100,298
127,101,296
127,102,298
127,103,297
127,104,293
127,105,292
127,106,293
127,107,291
127,108,299
127,109,297
127,110,300
127,111,299
127,112,290
127,113,288
127,114,290
127,115,287
127,116,289
127,117,287
127,118,289
127,119,288
127,120,118
127,121,118
127,122,118
127,123,118
127,124,123
127,125,123
127,126,123
127,127,-1
